CreditScore,PredictedCreditScore,Age,Balance,EstimatedSalary,NumOfProducts,Geography,Gender,Exited,IsActiveMember,residual
502,650.7415874992852,42,159660.8,113931.57,3,France,Female,1,0,-148.74158749928517
822,654.644969384832,50,0.0,10062.8,2,France,Male,0,1,167.35503061516795
501,661.699350746585,44,142051.07,74940.5,2,France,Male,0,1,-160.69935074658497
549,648.2279150382884,25,0.0,190857.79,2,France,Female,0,0,-99.22791503828842
726,654.5125898510453,24,0.0,54724.03,2,France,Female,0,1,71.48741014895472
669,654.2907602479213,46,0.0,8487.75,2,France,Male,0,1,14.709239752078702
411,659.4369900154965,29,59697.17,53483.21,2,France,Male,0,1,-248.43699001549646
475,646.1587278775022,45,134264.04,27822.99,1,France,Female,1,0,-171.1587278775022
776,660.2412796125325,32,109421.13,126517.46,2,Germany,Female,0,1,115.75872038746752
829,646.6454151427713,27,112045.67,119708.21,1,Germany,Female,1,1,182.3545848572287
637,649.6777607767813,39,137843.8,117622.8,1,Germany,Female,1,1,-12.67776077678127
776,654.9969792159745,37,103769.22,194099.12,2,Germany,Female,0,0,121.00302078402547
585,652.7177535935175,36,146050.97,86424.57,2,Germany,Male,0,0,-67.7177535935175
619,650.8666337373166,43,125211.92,113410.49,1,France,Male,0,1,-31.866633737316647
555,648.8006236621817,33,56084.69,178798.13,2,Spain,Male,0,0,-93.80062366218169
675,643.1658581600702,21,98373.26,18203.0,1,France,Female,0,0,31.83414183992977
678,648.473292027051,32,0.0,148210.64,1,France,Female,0,1,29.526707972948998
665,649.3505398536394,40,0.0,161848.03,1,France,Female,0,1,15.649460146360639
562,646.8440895700949,42,100238.35,86797.41,1,France,Male,0,0,-84.84408957009487
668,649.6683146047658,37,167864.4,115638.29,1,Germany,Female,0,0,18.331685395234217
506,650.9437012726714,41,0.0,31766.3,2,France,Female,0,0,-144.94370127267143
524,643.4497351080794,31,107818.63,199725.39,1,Germany,Female,1,0,-119.44973510807938
770,645.9021211899834,24,101827.07,167256.35,1,France,Male,0,0,124.0978788100166
795,655.338933225924,33,130862.43,114935.21,1,Germany,Female,0,1,139.66106677407595
716,647.0417690063596,42,0.0,180800.42,2,Spain,Male,0,0,68.95823099364043
717,656.6100294225168,22,101060.25,84699.56,1,Spain,Female,0,1,60.389970577483155
683,647.0091855625074,29,133702.89,55582.54,1,Spain,Male,1,0,35.990814437492645
667,643.1751146656424,39,0.0,40721.24,2,Spain,Female,1,0,23.824885334357646
628,650.0320345994348,27,95826.49,155996.96,2,Germany,Male,0,0,-22.032034599434837
636,651.896944444018,42,0.0,55470.78,2,France,Male,0,1,-15.896944444018004
687,653.5301550224383,34,111388.18,148564.76,2,Germany,Female,0,0,33.469844977561706
512,652.7643176152259,33,176666.62,94670.77,1,Spain,Male,0,0,-140.76431761522588
603,654.1563811299527,31,0.0,169915.02,2,France,Male,0,1,-51.156381129952706
592,646.1534404130841,54,0.0,28737.71,1,France,Male,1,1,-54.15344041308413
671,647.2703631648944,45,99564.22,108872.45,1,Germany,Male,1,1,23.729636835105566
662,648.64228686413,38,0.0,136259.65,2,Spain,Male,0,0,13.357713135869972
696,641.7245535055041,28,0.0,176713.47,1,Spain,Male,0,0,54.275446494495895
693,655.7761671094596,30,127992.25,50457.2,1,France,Female,0,1,37.22383289054039
726,646.903723829389,48,99906.19,64323.24,1,Spain,Female,0,0,79.09627617061096
682,655.4681402093872,26,110654.02,111879.21,1,France,Female,0,1,26.53185979061277
498,654.3274398265179,34,0.0,148528.24,2,France,Male,0,1,-156.3274398265179
549,642.306622863239,39,0.0,81259.25,1,Spain,Female,1,0,-93.306622863239
744,657.8735665300463,26,166297.89,181694.44,1,Spain,Female,0,1,86.12643346995367
747,652.2884355124729,41,94521.17,194926.86,2,Spain,Female,0,0,94.71156448752708
583,650.6058753087231,27,0.0,51285.49,2,France,Male,0,0,-67.60587530872306
714,654.6162951919617,31,125169.26,106636.89,1,France,Female,0,1,59.38370480803826
511,660.023438209237,58,149117.31,162599.51,1,France,Male,0,1,-149.02343820923704
652,658.9692795945189,80,0.0,188603.07,2,France,Female,0,1,-6.969279594518866
642,650.2481203070382,38,0.0,171463.83,2,France,Male,0,0,-8.24812030703822
763,649.5435654060223,31,0.0,50404.72,2,France,Female,0,0,113.45643459397775
485,644.0151284489756,29,182123.79,116828.51,1,France,Male,1,0,-159.0151284489756
649,647.6837785106569,33,0.0,2010.98,2,France,Male,0,0,1.3162214893430928
659,647.3417561227448,31,118342.26,161574.19,1,France,Male,0,0,11.658243877255245
654,657.9177596898883,32,114510.85,126143.23,1,Germany,Female,0,1,-3.917759689888271
636,656.8338430271189,34,40105.51,53512.16,2,Germany,Male,0,1,-20.83384302711886
745,658.186260319106,45,117231.63,122381.02,3,Germany,Male,1,1,86.81373968089395
492,656.3104226215154,30,77168.87,146700.22,2,Germany,Female,0,1,-164.3104226215154
557,649.5430966015028,33,54503.55,371.05,1,France,Male,0,1,-92.54309660150284
537,648.4045206498805,41,138306.34,106761.47,1,Germany,Female,0,0,-111.40452064988051
487,645.6538925838167,61,110368.03,11384.45,1,Germany,Female,1,0,-158.65389258381674
492,651.4866458043516,39,124576.65,148584.61,2,Germany,Male,0,0,-159.4866458043516
702,653.1730523166578,45,80793.58,27474.81,1,France,Male,0,1,48.826947683342155
762,651.0702932139773,51,99286.98,85578.63,1,France,Female,0,1,110.92970678602273
745,653.0721094124276,46,122220.19,118024.1,1,France,Male,0,1,91.92789058757239
501,652.1969151755612,40,125832.2,100433.83,1,France,Male,0,1,-151.19691517556123
494,651.670830290585,38,174937.64,40084.32,1,Germany,Female,0,0,-157.67083029058495
662,651.4047014020108,32,133950.37,48725.68,1,France,Female,1,1,10.5952985979892
703,644.6054730304081,37,149762.08,20629.4,1,France,Male,1,0,58.39452696959188
785,645.2364574807735,28,0.0,77231.27,2,France,Male,0,0,139.76354251922646
605,655.5316322377515,31,117992.59,183598.77,1,Germany,Female,0,1,-50.53163223775152
658,656.0094764280672,29,80262.6,20612.82,1,France,Male,0,1,1.9905235719328402
615,639.5972594870436,61,0.0,150227.85,2,Spain,Male,1,0,-24.59725948704363
714,661.6110809514249,55,180075.22,100127.71,1,Germany,Female,0,1,52.388919048575076
622,651.5511882259444,32,169089.38,101057.95,2,France,Female,0,0,-29.55118822594443
638,653.5225608191136,44,77637.35,111346.22,2,Spain,Male,0,1,-15.52256081911355
543,644.7757542362297,41,0.0,194902.16,1,Spain,Female,0,0,-101.77575423622966
691,650.0736397235021,30,116927.89,21198.39,1,Germany,Male,0,0,40.92636027649792
632,649.7213665779009,38,86569.76,98090.91,2,Germany,Female,0,0,-17.72136657790088
735,649.9444485920078,34,0.0,71095.41,2,Spain,Male,0,0,85.0555514079922
605,652.3877098417626,51,136188.78,67110.59,1,France,Female,1,1,-47.38770984176256
779,656.4850535292528,37,120092.52,135925.72,2,Germany,Male,0,0,122.51494647074719
698,655.2723773306623,48,101238.24,177815.87,2,France,Male,1,1,42.727622669337734
639,653.1698510509378,35,128173.9,59093.39,2,Germany,Male,0,0,-14.169851050937837
508,658.0917232896879,49,122451.46,75808.1,2,France,Male,0,1,-150.09172328968793
574,646.1619137654242,33,129834.67,193131.42,1,Germany,Male,0,0,-72.16191376542417
598,641.661260453999,41,91536.93,191468.78,1,Germany,Male,1,0,-43.661260453999034
651,637.9707548161928,45,0.0,67740.08,1,France,Male,1,0,13.029245183807234
439,647.9309120984066,32,138901.61,75685.97,1,Spain,Female,0,0,-208.93091209840657
701,646.7020610641144,36,0.0,169161.46,2,Spain,Male,0,0,54.297938935885554
607,650.56832177903,33,108431.87,109291.39,2,Spain,Female,1,1,-43.56832177903004
547,647.6804789294023,30,72392.41,77077.14,1,Germany,Female,0,0,-100.68047892940228
526,647.3671970489247,36,0.0,160696.72,1,France,Male,0,0,-121.36719704892471
713,651.0326185845918,38,144606.22,56594.36,1,Germany,Female,1,1,61.96738141540823
666,655.3555777961805,34,115897.12,25095.03,1,France,Female,0,1,10.644422203819545
685,644.1656408760475,43,0.0,107811.28,2,Spain,Male,0,0,40.83435912395248
687,652.8713303469603,72,0.0,69829.4,1,France,Female,0,1,34.12866965303965
605,658.8996476420372,64,129555.7,13601.79,1,France,Female,0,1,-53.899647642037166
754,654.7003859362347,39,170184.99,89593.26,2,Spain,Male,0,0,99.29961406376526
752,647.1797223955076,49,78653.84,7698.6,1,France,Male,0,0,104.82027760449239
799,652.2811099926078,28,142253.65,45042.56,1,Spain,Female,0,0,146.71889000739225
839,647.9491518902717,33,75592.43,62674.42,1,Spain,Female,0,0,191.05084810972835
850,642.4504037304129,31,67996.23,50129.87,2,France,Male,1,0,207.54959626958714
706,646.652970253769,29,112564.62,42334.38,1,France,Female,0,0,59.34702974623099
673,640.0894821319589,34,42157.08,20598.59,1,France,Female,1,0,32.9105178680411
438,647.4780485616192,36,0.0,64420.5,2,France,Female,0,0,-209.47804856161918
668,652.0925075077466,42,150461.07,108139.23,1,France,Male,0,0,15.907492492253368
751,649.0562090376307,30,0.0,15766.1,2,France,Female,0,0,101.94379096236935
624,658.4160157436766,48,122388.38,30020.09,2,Germany,Female,0,0,-34.41601574367655
667,655.7806512181298,42,0.0,58137.42,2,France,Male,0,1,11.219348781870167
640,658.9398221803903,32,118879.35,19131.71,2,Spain,Female,0,1,-18.93982218039025
664,650.7955889622359,57,0.0,15304.08,2,France,Male,0,1,13.204411037764089
445,646.2435697121529,62,64119.38,76569.64,1,Spain,Male,1,1,-201.24356971215286
626,651.8559848972936,35,88109.81,32825.5,1,Germany,Male,0,1,-25.855984897293638
540,653.9098222591455,48,148116.48,116973.48,1,France,Male,0,0,-113.90982225914547
650,652.3330802713231,25,86605.5,16649.31,3,Spain,Female,1,0,-2.3330802713230696
554,648.8744220563378,37,58629.97,182038.6,1,Germany,Female,0,0,-94.87442205633783
459,652.9583330951602,42,129634.25,177683.02,2,Spain,Female,1,1,-193.95833309516024
673,650.4384550306312,40,137494.28,81753.92,1,France,Female,0,0,22.56154496936881
618,655.4771768680566,24,128736.39,37147.61,1,France,Female,0,1,-37.47717686805663
650,656.0747005352546,60,0.0,102925.76,2,France,Male,0,1,-6.074700535254578
844,645.8892646867718,18,160980.03,145936.28,1,France,Male,0,0,198.11073531322825
758,650.4087340194756,47,95523.16,73294.48,1,Germany,Female,0,0,107.59126598052444
600,651.1402730534138,43,134022.06,194764.83,1,France,Female,0,0,-51.14027305341381
767,650.9379303888201,36,139180.2,123880.19,1,France,Male,0,0,116.06206961117994
639,646.5263988178265,27,0.0,192247.35,2,France,Male,0,0,-7.526398817826475
704,653.1437519652218,48,167997.6,173498.45,1,Spain,Male,0,1,50.85624803477822
611,653.0762407005086,49,0.0,142917.54,2,France,Male,0,1,-42.076240700508606
654,642.1274285749388,29,0.0,180345.44,1,France,Male,0,0,11.87257142506121
683,659.2828574105098,35,187530.66,37976.36,2,France,Female,0,1,23.71714258949021
614,657.2609237726515,31,120599.38,46163.44,2,Germany,Female,0,1,-43.260923772651495
681,659.2487714282714,65,134714.7,190419.81,2,Spain,Male,0,1,21.751228571728575
600,651.0143033676871,36,0.0,143635.36,2,Spain,Male,0,0,-51.01430336768715
634,658.456195461351,37,111432.77,167032.49,2,Germany,Male,0,1,-24.456195461350944
559,652.0005219932099,34,137390.11,9677.0,2,France,Male,0,0,-93.00052199320987
507,648.4192820601496,36,83543.37,140134.43,1,France,Male,0,0,-141.4192820601496
660,649.0730142726129,35,58641.43,198674.08,1,Germany,Male,0,1,10.926985727387091
773,638.8675465109235,41,0.0,28266.9,1,Spain,Female,1,0,134.1324534890765
705,651.7979315076757,25,97544.29,59887.15,1,France,Male,0,1,53.202068492324315
678,661.0334135802456,25,76968.12,131501.72,2,Germany,Female,0,1,16.966586419754435
545,659.8650934348871,38,88293.13,24302.95,2,France,Male,0,1,-114.86509343488706
652,656.037859969124,42,0.0,38152.01,2,Spain,Female,0,1,-4.037859969124042
749,636.802601344376,60,0.0,17978.68,1,France,Female,1,0,112.19739865562406
565,645.443570775726,36,106192.1,149575.59,1,France,Male,0,0,-80.44357077572602
585,651.1309751845027,42,0.0,18657.77,2,France,Male,0,1,-66.13097518450274
733,658.7699467073664,74,106545.53,134589.58,1,Germany,Male,0,1,74.23005329263356
728,652.2340276923035,32,61825.5,156124.93,1,Germany,Male,0,1,75.76597230769653
727,647.9812711742217,40,93051.64,71865.31,2,Germany,Male,1,0,79.01872882577834
568,649.698089074689,28,145105.64,185489.11,2,France,Male,0,0,-81.69808907468905
646,652.3890556594806,45,47134.75,57236.44,1,France,Female,0,1,-6.3890556594806185
714,659.1566825610928,36,101609.01,447.73,2,Germany,Female,0,1,54.84331743890721
639,655.4720644272765,38,130170.82,149599.62,1,Germany,Male,0,1,-16.47206442727645
512,643.140019599944,36,0.0,135482.26,1,Spain,Male,1,1,-131.14001959994403
775,645.4197668678211,52,109922.61,96823.32,1,France,Male,1,1,129.58023313217893
599,639.4337065784181,39,0.0,194273.2,1,Spain,Female,1,0,-40.43370657841808
771,660.1293046733207,67,0.0,51219.8,2,Spain,Female,0,1,110.87069532667931
637,649.6342121341034,34,0.0,26057.08,2,Spain,Female,0,0,-12.63421213410345
635,649.058567614692,43,78992.75,153265.31,2,Germany,Male,0,0,-14.058567614692038
750,657.139450937867,38,97257.41,179883.04,2,Spain,Female,0,1,92.86054906213303
652,653.7096604504487,48,133297.24,77764.37,1,France,Female,0,0,-1.7096604504487232
661,648.4972421152228,28,95357.49,102297.15,1,Spain,Female,0,0,12.502757884777225
838,650.4651618238785,43,123105.88,145765.83,2,Spain,Male,0,0,187.53483817612153
759,651.7264017754978,38,104091.29,91561.91,1,France,Female,0,0,107.27359822450217
648,659.5716766537873,42,121980.56,4027.02,2,Germany,Female,0,0,-11.571676653787335
646,648.9790721182021,42,175159.9,67124.48,2,France,Female,1,0,-2.9790721182021116
521,650.0107949389031,52,116497.31,53793.1,3,Germany,Male,1,0,-129.01079493890313
564,657.1323596532302,42,99824.45,36721.4,1,France,Male,0,1,-93.1323596532302
444,638.4201169151526,45,0.0,130009.85,1,France,Male,1,0,-194.42011691515256
719,652.7280982433055,35,122964.88,138231.7,1,Spain,Male,0,1,66.27190175669455
625,641.4975947882402,49,173434.9,165580.93,1,France,Male,1,0,-16.497594788240235
582,646.0551635975306,32,0.0,59668.81,2,France,Female,0,0,-64.05516359753062
737,658.0950544769433,35,133377.8,64050.19,1,Germany,Male,0,1,78.90494552305665
730,653.4935702420274,39,116537.6,145679.6,1,France,Male,0,0,76.50642975797257
714,650.9780725343229,72,0.0,86733.61,1,France,Female,0,1,63.021927465677095
630,645.058193139395,39,135483.17,140881.2,1,Spain,Female,1,0,-15.05819313939503
670,656.817112152999,38,119624.54,110472.12,2,France,Female,0,1,13.182887847000984
600,652.9342747770845,50,94684.27,50488.91,1,Spain,Female,0,1,-52.93427477708451
490,652.7453808657123,48,155413.06,187921.3,1,Spain,Female,0,0,-162.74538086571226
710,652.9773298094453,38,0.0,136390.88,2,Spain,Female,0,1,57.02267019055466
731,646.9344439580528,52,0.0,24998.75,1,France,Female,1,1,84.06555604194716
535,659.302031314743,31,111855.04,36278.89,2,France,Female,0,1,-124.30203131474298
743,660.916998811753,32,140348.56,163254.39,2,Germany,Female,0,1,82.08300118824695
677,659.9031760292697,41,146720.98,4195.84,2,Germany,Female,0,1,17.09682397073027
664,651.5341446810004,32,107209.73,112340.2,1,France,Male,0,1,12.465855318999616
678,650.700264154479,32,0.0,90284.47,2,France,Female,0,0,27.299735845521013
494,654.0759004773479,38,0.0,6203.66,2,Spain,Male,0,1,-160.0759004773479
420,643.8040535684122,34,135549.9,149471.13,1,Germany,Female,1,0,-223.8040535684122
595,648.2876299834057,31,0.0,189995.86,2,France,Male,0,0,-53.287629983405736
731,647.3683341488944,21,132312.06,106663.46,1,Germany,Female,1,0,83.6316658511056
608,647.5638827714098,62,144976.5,175836.03,1,France,Female,1,0,-39.563882771409794
612,658.7852120855041,58,149641.53,115161.28,1,Germany,Female,0,1,-46.7852120855041
663,646.8014493298709,33,122528.18,196260.3,1,Spain,Female,0,0,16.198550670129066
675,650.3872696885287,32,155663.31,97658.66,1,France,Female,0,0,24.612730311471296
500,647.1558247462524,37,125822.21,111698.0,1,Spain,Male,0,0,-147.1558247462524
727,653.3712583533447,57,109679.72,753.37,1,Spain,Female,0,1,73.62874164665527
618,642.386883344113,37,96652.86,98686.4,1,France,Female,1,0,-24.386883344113016
617,660.3145255972038,40,190008.32,107047.92,2,France,Male,0,1,-43.31452559720378
793,646.2846223612443,41,0.0,152153.74,2,Spain,Male,0,0,146.71537763875574
765,650.7805374773882,43,148962.76,173878.87,1,Germany,Male,1,1,114.21946252261182
614,656.0410377400201,30,131344.52,54776.64,2,Germany,Female,0,0,-42.0410377400201
655,652.6106922084673,38,0.0,110527.71,2,France,Male,0,0,2.3893077915327012
755,646.4789540773377,45,135643.0,143619.52,1,Germany,Female,1,0,108.52104592266232
538,657.0680292932295,39,122773.5,58467.08,2,Spain,Male,0,1,-119.06802929322953
729,644.7281816581449,37,0.0,100862.54,2,Spain,Male,0,0,84.27181834185512
513,639.289741585533,35,0.0,76640.29,1,France,Male,1,0,-126.28974158553297
615,643.3646361075333,30,0.0,87347.82,1,France,Female,0,0,-28.36463610753333
621,652.8211357437802,34,0.0,99128.13,2,France,Male,0,1,-31.821135743780246
652,654.2976563366182,36,0.0,151314.98,2,France,Male,0,1,-2.297656336618161
756,658.2446979383835,37,132623.6,58974.0,1,France,Male,0,1,97.75530206161648
529,641.2257282596379,22,0.0,151169.83,1,France,Male,0,0,-112.22572825963789
780,653.4128471992426,76,121313.88,64872.33,1,France,Male,0,1,126.5871528007574
693,654.7965740842668,25,146580.69,14633.35,1,Germany,Male,0,1,38.20342591573319
587,652.6881566519781,38,132122.42,31730.32,2,Germany,Female,0,0,-65.68815665197815
512,647.6824738560798,24,0.0,37654.31,2,France,Male,0,0,-135.6824738560798
693,657.4201701058442,68,97705.99,61569.07,1,France,Male,0,1,35.57982989415575
499,653.9105001118735,55,126817.65,123269.71,2,Germany,Female,0,0,-154.9105001118735
733,644.8823351957161,42,120094.93,184056.45,1,France,Male,0,0,88.11766480428389
704,640.9020894899472,27,147004.34,64381.33,1,Germany,Male,1,0,63.09791051005277
665,655.3134117929732,40,173432.55,116766.79,1,Spain,Female,0,1,9.68658820702683
534,651.4382023683147,55,116973.26,122066.5,3,France,Female,1,0,-117.4382023683147
837,655.9764824306193,38,126732.85,79577.38,1,Germany,Male,0,1,181.02351756938072
658,646.5800531756162,44,148481.09,130529.13,1,France,Female,0,0,11.419946824383828
554,660.3245877106605,38,137654.05,172629.67,2,France,Female,0,1,-106.32458771066047
583,656.6621776895305,59,127450.14,67552.71,1,France,Male,0,1,-73.6621776895305
579,652.9577053619272,37,152212.88,120219.14,2,Spain,Male,0,0,-73.9577053619272
653,648.9944499612469,31,143321.97,83679.46,1,Germany,Male,0,0,4.005550038753086
593,646.871904074887,32,134096.53,53931.05,2,Germany,Female,1,0,-53.87190407488697
724,648.738484796585,40,0.0,106149.48,2,France,Male,0,0,75.261515203415
743,640.5421433095238,40,0.0,28280.8,1,France,Female,1,0,102.4578566904762
640,653.3582391492928,46,0.0,89043.19,2,Spain,Female,0,0,-13.358239149292785
849,660.5201910372422,37,143452.74,17294.12,2,Germany,Male,0,1,188.47980896275783
682,656.240442782306,46,128029.72,62615.35,1,Spain,Male,0,1,25.75955721769401
643,654.4699990101917,30,94443.77,165614.4,1,France,Male,0,1,-11.469999010191714
575,642.5524540618496,43,0.0,83594.51,1,Spain,Male,0,0,-67.55245406184963
626,646.2855679716271,29,0.0,49361.84,2,Spain,Male,0,0,-20.285567971627074
652,650.3372732624296,50,125437.64,17160.94,1,Germany,Male,1,1,1.6627267375704378
528,643.0128446055152,46,135555.66,133146.03,1,Germany,Female,1,0,-115.01284460551517
632,648.5805321767489,44,107764.75,185667.72,1,France,Male,0,0,-16.580532176748875
768,650.6760883667222,44,60603.4,178045.97,1,Spain,Female,0,1,117.32391163327782
661,650.9156072641496,42,0.0,35989.41,2,Spain,Female,0,0,10.084392735850429
582,643.2545849902878,46,67563.31,44506.09,1,Spain,Female,1,0,-61.25458499028775
693,642.8720662540528,38,0.0,78133.48,2,France,Female,1,0,50.12793374594719
517,651.0365543523229,29,0.0,103402.88,2,Spain,Female,0,0,-134.03655435232292
620,650.4303725935894,43,0.0,20670.1,2,Spain,Female,0,0,-30.430372593589368
662,643.0692287776258,41,90350.77,75884.65,1,Spain,Female,1,0,18.930771222374233
673,654.577547231728,29,99097.36,9796.69,1,Germany,Female,0,1,18.422452768272024
601,652.4735443835021,26,78892.23,23703.52,1,France,Female,0,1,-51.473544383502144
820,655.7745174990204,29,82344.84,115985.38,1,France,Female,0,1,164.22548250097964
755,659.2798486696385,62,127706.33,142377.69,2,France,Male,0,1,95.72015133036155
552,648.0369728469321,41,124349.34,135635.25,1,France,Female,0,0,-96.03697284693214
576,663.2091384899285,28,119336.29,58976.85,2,Germany,Male,0,1,-87.20913848992848
551,652.3534145573585,38,0.0,216.27,2,France,Female,0,1,-101.35341455735852
687,644.5732554700803,35,99587.43,1713.1,1,France,Female,1,1,42.42674452991969
465,657.8810625520028,25,78247.31,10472.31,2,France,Male,0,1,-192.88106255200285
633,650.3130107675904,29,169988.35,4272.0,1,France,Female,0,0,-17.313010767590413
646,653.2186273620648,30,98014.74,12757.14,1,France,Male,0,1,-7.218627362064808
710,644.9605699752206,51,93656.95,141400.51,1,Spain,Female,1,1,65.03943002477945
680,644.8807815787231,30,0.0,160131.58,1,Spain,Female,0,0,35.119218421276855
449,652.5314427536864,52,0.0,123622.0,2,France,Male,0,1,-203.5314427536864
747,647.4428963384986,27,0.0,13007.89,2,France,Male,0,0,99.5571036615014
576,653.4520772290407,36,0.0,48314.0,2,France,Male,0,1,-77.4520772290407
600,654.8813514956034,28,0.0,52193.23,2,France,Female,0,1,-54.88135149560344
821,648.8464955186129,28,0.0,36754.13,1,France,Female,0,1,172.15350448138713
530,651.9285562420592,33,129307.32,172930.28,1,France,Female,0,1,-121.92855624205924
701,655.3433703735808,48,92072.68,133992.36,1,Germany,Female,0,1,45.6566296264192
639,656.6035336992695,54,0.0,53843.71,2,Spain,Female,0,1,-17.60353369926952
658,649.9698361349747,40,140596.95,135459.02,1,France,Female,1,1,8.030163865025315
632,655.718728076444,42,119624.6,195978.86,2,Germany,Male,0,1,-23.718728076443995
676,654.2221594671493,40,114005.78,67998.45,1,France,Male,0,1,21.777840532850746
716,645.0212443771436,44,109528.28,27341.63,1,France,Female,1,0,70.9787556228564
735,647.2462087255994,33,0.0,149474.69,2,France,Female,0,0,87.75379127440056
747,655.3764274434841,61,155973.13,147554.26,1,France,Male,0,1,91.62357255651591
675,652.7269102947267,36,89409.95,149399.7,1,Germany,Male,0,1,22.273089705273264
591,657.2021167299728,36,135216.8,122022.89,1,Spain,Male,0,1,-66.20211672997277
677,647.5167891226768,38,0.0,187800.63,2,France,Male,0,0,29.483210877323245
601,645.1054925801125,48,120782.7,63940.68,1,Germany,Female,1,0,-44.10549258011247
517,649.3702492157065,28,115062.61,179056.23,1,France,Male,0,0,-132.3702492157065
718,657.3886721338741,31,152663.77,17128.64,1,France,Female,0,1,60.61132786612586
619,651.0430866085849,35,132292.63,65682.93,1,France,Female,0,0,-32.04308660858487
588,653.7643395048347,24,0.0,140586.08,2,France,Female,0,1,-65.76433950483465
739,654.7257133902338,29,59385.98,105533.96,2,Germany,Male,0,1,84.27428660976625
656,655.1219093563157,18,151762.74,127014.32,1,France,Male,0,1,0.8780906436843452
712,658.5506061167888,43,141749.74,90905.26,2,Germany,Male,0,1,53.4493938832112
689,647.2536050366197,38,75075.14,8651.92,1,Spain,Male,1,1,41.74639496338034
697,651.460120636523,25,165686.11,15467.98,2,France,Female,0,0,45.539879363476985
626,652.9520959368522,62,0.0,65010.74,1,Spain,Male,0,1,-26.952095936852174
570,641.682986371656,50,129293.74,177805.44,1,Germany,Female,1,0,-71.68298637165606
698,651.6014855346662,40,150777.1,114732.62,1,Germany,Female,0,0,46.39851446533385
748,651.5864138938069,44,92911.52,85495.24,1,France,Male,0,1,96.41358610619307
749,654.3467894697244,42,129776.72,143538.51,2,France,Male,0,1,94.6532105302756
559,640.6028828426192,24,114739.92,85891.02,1,Spain,Male,1,0,-81.60288284261924
570,644.3958403270846,18,82767.42,71811.9,1,France,Female,0,0,-74.39584032708456
712,648.0226001112092,42,87842.98,92223.59,1,France,Female,0,0,63.97739988879084
850,652.0952330898459,37,137204.77,28865.59,1,Spain,Male,0,1,197.90476691015408
541,655.0748660426905,37,118636.92,73551.44,1,France,Male,0,1,-114.07486604269047
506,647.6816858976055,34,0.0,115842.1,2,France,Male,0,0,-141.68168589760546
608,650.0781512871283,30,0.0,128875.86,2,France,Female,0,0,-42.07815128712832
730,649.1747620531213,45,152880.97,162478.11,1,Germany,Male,0,0,80.8252379468787
672,660.7647719269082,21,165878.76,164537.17,2,Germany,Female,0,1,11.235228073091776
796,648.102652696572,41,107525.07,18510.41,1,Spain,Male,0,0,147.89734730342798
695,653.1364570837661,42,121453.63,46374.64,1,France,Female,0,0,41.86354291623388
747,657.3290628687124,25,0.0,42039.67,2,France,Female,0,1,89.67093713128759
584,649.6280351889669,59,0.0,130260.11,1,Spain,Female,1,1,-65.62803518896692
595,649.3889220799041,23,101126.66,37042.8,2,Spain,Female,0,0,-54.38892207990409
724,656.6400650579001,33,103564.83,121085.72,2,Germany,Male,0,0,67.35993494209993
636,651.2842475025941,34,0.0,44756.25,2,France,Female,0,1,-15.284247502594098
657,654.7492747969095,41,95858.37,68255.88,1,France,Female,0,1,2.2507252030904965
658,658.5218721518434,36,174060.46,94925.62,1,France,Male,0,1,-0.521872151843354
702,648.509118668858,35,14262.8,54689.16,2,Spain,Female,0,0,53.49088133114196
647,643.8090914521225,44,93960.35,36579.53,1,Germany,Male,1,0,3.190908547877484
850,652.7210038875924,39,0.0,143030.09,2,Spain,Female,0,1,197.27899611240764
713,653.2226217782128,59,0.0,62700.08,2,France,Female,0,1,59.77737822178722
552,654.2828774977635,33,140931.57,10921.5,1,France,Male,0,1,-102.28287749776348
739,646.1004168540015,41,0.0,143882.25,2,France,Male,0,0,92.89958314599846
639,658.1283032910695,50,115335.32,53130.41,2,France,Female,0,1,-19.12830329106953
850,652.1968043529932,33,134678.13,113177.95,1,Germany,Female,0,0,197.80319564700676
633,660.1821392912094,32,163340.12,74415.2,2,Spain,Male,0,1,-27.18213929120941
714,654.8816402811083,45,150900.29,139889.15,2,Spain,Male,0,1,59.118359718891725
569,661.8871626239917,25,173459.45,44381.06,2,Germany,Male,0,1,-92.88716262399168
725,642.9336923216082,45,116917.07,173464.43,1,Germany,Male,1,0,82.06630767839181
632,652.0761774354476,36,0.0,52526.65,2,France,Female,0,1,-20.076177435447562
561,650.2949512528559,56,152759.0,133167.11,2,France,Male,1,0,-89.29495125285587
737,639.8824249931565,36,0.0,188670.9,1,France,Male,1,1,97.11757500684348
581,646.4737039066151,29,0.0,46735.19,2,Spain,Female,0,0,-65.47370390661513
527,641.2000678948552,29,27755.97,97468.44,1,Spain,Female,1,0,-114.20006789485524
544,655.4787122917793,29,118560.55,164137.36,1,France,Female,0,1,-111.47871229177929
639,653.8976019717669,28,97840.72,178222.77,1,Spain,Female,0,1,-14.897601971766903
565,658.9964287725692,38,158651.29,179445.28,2,Germany,Female,0,1,-93.99642877256917
715,654.398674958186,33,85227.84,68087.15,1,France,Female,0,1,60.60132504181399
624,647.9977487237401,33,0.0,76551.7,2,Spain,Male,0,0,-23.997748723740074
648,651.607000424489,35,0.0,78436.36,2,Spain,Male,0,1,-3.6070004244890015
656,647.6261826142334,35,0.0,1485.27,2,France,Male,0,0,8.373817385766642
429,649.4488570633544,60,0.0,163691.48,2,France,Male,0,1,-220.44885706335435
634,646.9265947308561,31,76798.92,196021.73,1,Germany,Female,0,0,-12.926594730856095
535,648.3423547361792,49,115309.75,111421.77,1,Spain,Female,0,0,-113.34235473617923
627,649.3405743687323,30,0.0,113408.47,1,Spain,Female,0,1,-22.34057436873229
796,656.784246411298,67,0.0,54871.02,2,Spain,Male,0,1,139.215753588702
773,647.1594363406574,33,0.0,98820.09,1,Spain,Female,0,1,125.84056365934259
595,648.1368661540373,41,0.0,5967.09,2,France,Male,0,0,-53.13686615403731
746,652.0604022421802,31,113836.27,174815.54,1,Spain,Male,0,1,93.9395977578198
503,649.7823061189497,25,0.0,192841.13,1,Spain,Male,0,1,-146.7823061189497
591,653.9502039939787,31,0.0,48778.46,2,France,Female,0,1,-62.950203993978675
729,650.118623507514,36,152899.24,177130.33,2,Germany,Male,0,0,78.88137649248597
536,650.8067523894996,23,92366.72,120661.71,2,Germany,Male,0,0,-114.8067523894996
523,650.2216200188795,39,0.0,6726.53,2,France,Male,0,0,-127.22162001887955
728,649.842154052203,39,152182.83,161203.6,1,Germany,Male,0,0,78.157845947797
734,638.8073040991152,22,130056.23,121894.31,1,France,Male,1,0,95.19269590088481
680,645.3368982080661,35,0.0,143774.06,2,Spain,Male,0,0,34.663101791933855
604,640.2927448994161,53,144453.75,190998.96,1,France,Male,1,0,-36.29274489941611
565,656.773312817971,58,108888.24,135875.51,3,Germany,Female,1,1,-91.77331281797103
645,647.6834411136451,42,0.0,149807.01,1,France,Male,0,0,-2.683441113645131
488,652.410326977136,39,140553.46,12440.44,1,Spain,Female,0,0,-164.41032697713604
717,650.4673494423222,36,0.0,145551.6,2,France,Female,0,1,66.53265055767781
494,652.1408833679874,37,107106.33,172063.09,2,Germany,Male,0,0,-158.14088336798739
667,646.5570527650123,28,165798.1,147090.9,1,France,Male,0,0,20.44294723498774
748,647.7940855371075,40,0.0,132368.47,2,Spain,Female,0,0,100.20591446289245
695,652.7177853657586,28,96020.86,57992.49,1,Spain,Male,0,1,42.28221463424143
613,658.7617043488738,29,185709.28,77242.19,2,France,Female,0,1,-45.761704348873764
534,643.8439301702424,62,0.0,42763.12,2,France,Male,1,0,-109.8439301702424
785,654.8756247037702,32,124493.03,52583.79,2,Germany,Female,1,1,130.1243752962298
687,649.2811757486762,39,0.0,26848.25,2,France,Male,0,0,37.71882425132378
709,659.101971943155,34,148375.19,21521.38,2,Germany,Male,0,1,49.898028056844964
567,655.797125036229,35,166118.45,127827.18,2,France,Female,0,0,-88.79712503622898
712,655.3519368689148,37,106881.5,169386.81,2,France,Female,0,0,56.64806313108522
743,644.8301462362093,32,0.0,175252.78,2,France,Male,0,0,98.16985376379068
545,651.7289389286876,37,110483.86,127394.67,1,Germany,Male,0,1,-106.72893892868763
719,638.4372704477082,42,0.0,28465.86,1,France,Female,1,0,80.56272955229178
743,653.4038429343861,36,0.0,190911.02,2,France,Male,0,1,89.59615706561385
626,654.3772410028558,48,0.0,95794.98,2,Spain,Female,0,1,-28.37724100285584
640,652.0083918691421,63,68432.45,112503.24,2,France,Male,1,1,-12.008391869142088
456,654.0661541925664,32,133060.63,125167.92,1,Germany,Male,0,1,-198.0661541925664
423,640.7560748605445,36,97665.61,118372.55,1,France,Female,1,0,-217.75607486054446
661,651.101258363587,37,136425.18,81102.81,1,France,Female,0,0,9.898741636412979
642,644.1283736669553,25,0.0,102083.78,2,France,Male,0,0,-2.1283736669553264
460,642.3639050522664,27,0.0,156150.08,2,France,Female,1,0,-182.36390505226643
765,653.1888663978547,32,178095.55,47247.56,1,Spain,Female,0,0,111.81113360214533
704,652.6820429053948,32,127785.17,184464.7,4,France,Male,1,0,51.31795709460516
702,646.811354994669,34,100054.77,109496.45,1,France,Male,0,0,55.188645005330955
850,652.5289716318318,38,106871.81,29333.01,2,France,Female,0,0,197.47102836816816
653,646.8763070624408,41,102768.42,55663.85,1,France,Male,0,0,6.123692937559213
633,653.2173297019755,33,137847.41,98349.13,2,Spain,Male,0,0,-20.217329701975473
836,644.1864450346177,57,101247.06,37141.62,1,Spain,Male,1,0,191.8135549653823
731,656.2146451150036,40,118991.79,156048.64,1,France,Female,0,1,74.78535488499642
605,652.6608217728005,35,0.0,45206.57,2,France,Male,0,1,-47.660821772800546
665,652.3328492578432,38,0.0,87412.74,1,Spain,Male,0,1,12.667150742156764
713,655.847573716278,38,72286.84,26136.89,2,France,Male,0,1,57.15242628372198
739,652.012550872313,40,109681.61,193321.3,1,Spain,Male,0,1,86.987449127687
556,647.7167130495416,37,145018.64,90928.02,2,Germany,Male,1,0,-91.71671304954157
699,651.1841137358857,34,0.0,76510.46,1,Spain,Male,0,1,47.81588626411428
845,648.1962214000218,33,164385.53,150664.97,1,France,Male,0,0,196.80377859997816
613,651.5795619497299,37,108286.5,114153.44,1,France,Male,0,1,-38.57956194972985
717,649.6109197050273,40,98241.04,110887.14,1,France,Male,0,0,67.3890802949727
850,654.7173967431106,26,62610.96,179365.1,2,France,Female,0,1,195.2826032568894
631,661.5742428329248,34,125227.82,128247.03,2,Germany,Female,0,1,-30.574242832924824
696,649.692941981618,30,0.0,196134.44,2,France,Female,0,1,46.30705801838201
835,656.2560896817811,28,163569.61,154559.28,2,France,Male,0,1,178.74391031821892
762,653.2283226059367,35,0.0,43075.7,2,France,Male,0,1,108.77167739406332
696,657.7868935466668,33,163139.27,7035.36,1,France,Male,0,1,38.21310645333324
582,651.6688025520696,29,0.0,84012.81,1,France,Female,0,1,-69.66880255206956
473,653.8026694629198,33,125827.43,145698.73,1,France,Female,0,1,-180.80266946291977
572,651.1169381567806,37,133043.66,111243.09,1,France,Male,0,0,-79.11693815678063
619,651.8150040739014,30,70729.17,160948.87,1,France,Female,0,1,-32.81500407390138
591,647.1391570136095,33,131765.72,118782.06,1,France,Male,0,0,-56.13915701360952
749,649.7584351116889,47,110022.74,135655.29,1,Germany,Male,1,1,99.24156488831113
676,650.8378967695866,61,0.0,118522.73,2,France,Female,0,1,25.162103230413436
488,653.8959751192983,33,140002.35,123613.81,1,Germany,Female,0,0,-165.89597511929833
645,645.7351712222803,19,128514.84,175969.19,1,France,Male,0,0,-0.7351712222803144
672,650.2976509245418,33,0.0,182738.0,2,Spain,Male,0,1,21.702349075458187
545,658.6697588159618,45,93796.42,162321.26,2,Germany,Male,0,1,-113.66975881596181
701,648.2542781150032,35,0.0,170996.86,2,Spain,Female,0,0,52.74572188499678
523,642.6493458332521,41,119276.31,122284.38,1,Germany,Male,1,0,-119.64934583325214
706,657.8155378816447,38,163034.82,135662.17,2,Germany,Male,0,1,48.18446211835533
719,650.0166175339845,42,137227.04,149097.38,3,Germany,Female,1,0,68.98338246601554
617,651.5615637546225,58,119024.75,35199.24,2,Germany,Female,1,0,-34.56156375462251
569,646.7240164486499,42,0.0,83629.6,1,Spain,Female,1,1,-77.72401644864988
625,652.9339051230958,37,142711.81,35625.41,1,Germany,Female,0,0,-27.93390512309577
709,650.8965381633479,45,122917.71,11.58,1,Germany,Male,1,1,58.10346183665206
672,648.9897584258657,34,0.0,161800.77,2,France,Male,0,0,23.010241574134284
676,657.6439235446136,30,128207.23,55400.17,1,France,Male,0,1,18.356076455386415
697,654.9374537401658,42,132739.26,174667.65,2,France,Male,0,0,42.06254625983422
732,643.359968892627,40,0.0,154189.08,2,France,Female,0,0,88.64003110737303
649,649.8600299217084,51,0.0,150390.57,1,Spain,Male,0,1,-0.8600299217083602
850,643.3437881906632,28,147972.19,60708.72,1,Germany,Male,1,0,206.6562118093368
600,655.1731636232469,27,0.0,125698.97,2,France,Female,0,1,-55.173163623246865
641,658.7055801154194,26,91547.84,28157.34,2,France,Female,0,1,-17.705580115419366
631,645.9246195192869,37,138292.64,152422.91,2,Germany,Male,1,0,-14.92461951928692
708,646.4139325274261,43,118994.84,181499.77,1,Germany,Female,1,0,61.58606747257386
549,658.9363002562428,31,135020.21,23343.18,2,Germany,Female,0,1,-109.93630025624282
754,650.0388635496702,38,0.0,180698.32,2,France,Male,0,0,103.96113645032983
815,653.534199474498,25,135161.67,136071.05,1,Germany,Female,0,1,161.465800525502
706,647.9018711392082,32,94486.47,146949.74,1,France,Male,0,1,58.0981288607918
850,648.1111440215216,46,117640.39,88920.68,1,France,Male,0,0,201.88885597847843
614,643.5960072763808,40,0.0,20339.79,1,France,Male,1,1,-29.59600727638076
593,647.3426727046833,46,98752.51,145560.38,1,France,Female,0,0,-54.34267270468331
662,646.5229906388323,29,0.0,137508.31,2,France,Female,0,0,15.477009361167688
798,650.7318192983399,49,132571.67,31686.33,1,Germany,Female,1,1,147.26818070166007
537,645.8327099604763,39,135309.36,31728.86,1,Germany,Male,1,0,-108.83270996047634
608,654.9997611445051,42,131390.75,71178.09,2,Germany,Male,0,0,-46.9997611445051
581,648.9374771214137,41,0.0,29737.14,2,France,Male,0,0,-67.93747712141374
621,650.9875337457757,26,75237.54,44220.4,1,France,Male,0,1,-29.98753374577575
589,652.9315842846793,46,107238.85,37024.28,2,France,Female,0,0,-63.931584284679275
537,653.5308305558169,38,0.0,41233.97,2,Spain,Female,0,1,-116.53083055581692
513,657.2195575715157,88,0.0,52952.24,2,Spain,Male,0,1,-144.21955757151568
660,646.3662006792761,41,129901.21,26025.6,1,Germany,Male,1,0,13.633799320723938
850,649.6575204980201,39,96863.13,121681.19,1,France,Male,0,1,200.34247950197994
683,652.0499999222232,36,0.0,104786.59,2,Spain,Female,0,0,30.95000007777685
782,651.4185121610844,23,98052.66,142587.32,1,Spain,Male,0,1,130.58148783891556
666,654.1825759498263,46,123873.19,177844.06,1,France,Male,0,1,11.817424050173713
466,650.1845984388913,56,111920.13,197634.11,3,Germany,Female,1,0,-184.18459843889127
614,660.6986903074359,37,75150.34,131766.67,4,France,Female,1,1,-46.69869030743587
527,642.1845283927526,32,0.0,109523.88,1,France,Male,0,0,-115.18452839275255
564,642.1452676695212,40,0.0,85455.62,1,France,Male,1,0,-78.14526766952122
592,652.6142867466261,36,104702.65,107948.72,2,Germany,Male,0,0,-60.614286746626135
505,652.488347122341,34,104498.79,126451.14,1,France,Male,0,1,-147.488347122341
671,653.4118289535193,29,0.0,12048.67,2,Spain,Female,0,0,17.58817104648074
827,655.1662284607222,60,0.0,60615.83,2,France,Female,0,1,171.8337715392778
668,653.1619171657851,34,80242.37,56780.97,2,Germany,Male,0,0,14.838082834214902
727,643.5762863485946,71,0.0,198446.91,1,Spain,Male,1,1,83.42371365140536
756,650.1221577534561,30,145127.85,7554.68,1,Spain,Male,0,0,105.87784224654388
755,648.5072677584882,38,148912.44,80416.16,1,France,Male,0,0,106.49273224151182
655,654.4296515214112,34,116114.93,49492.15,1,Spain,Male,0,1,0.5703484785888122
667,650.6091481231599,38,144432.04,73963.17,1,France,Female,1,1,16.390851876840088
711,654.7807904718069,58,91285.13,26767.85,2,France,Male,0,1,56.21920952819312
616,651.6896690653833,29,149318.55,140746.13,1,Germany,Male,0,0,-35.68966906538333
704,649.743764834329,31,0.0,183038.33,2,France,Male,0,0,54.256235165671
748,643.3058961603849,40,0.0,60416.76,1,France,Male,0,0,104.69410383961508
724,654.1063974937564,28,0.0,100240.2,2,France,Male,0,1,69.89360250624361
622,654.3832422046416,41,0.0,155786.39,2,Spain,Female,0,1,-32.38324220464165
814,648.6375002822299,31,118870.92,101704.19,1,France,Male,0,0,165.3624997177701
682,651.778967972382,46,0.0,114442.66,1,France,Female,0,1,30.22103202761798
682,654.7155768312432,38,107192.38,15669.17,1,France,Male,0,1,27.284423168756803
630,656.8818465553261,26,129837.72,197001.15,2,France,Male,0,1,-26.881846555326092
546,652.4377110725399,58,106458.31,128881.87,4,Germany,Female,1,0,-106.43771107253986
762,650.1419041452061,35,122929.42,149822.04,2,Spain,Male,0,0,111.85809585479387
603,649.1222995098135,35,128993.76,130483.56,2,France,Male,0,0,-46.1222995098135
571,649.4594394138876,25,82506.72,167705.07,2,Germany,Male,0,0,-78.4594394138876
638,656.1791934851444,48,0.0,7919.08,2,Spain,Male,0,1,-18.179193485144424
576,647.5826595624432,41,0.0,188274.6,1,France,Male,0,1,-71.58265956244315
712,651.1260789781276,40,109308.79,120158.72,2,Germany,Female,1,0,60.873921021872434
625,647.2510213996471,31,0.0,151843.54,2,Spain,Female,0,0,-22.25102139964713
632,656.9890339217316,27,193125.85,152665.85,1,France,Male,0,1,-24.98903392173156
745,652.0334451789195,21,137910.45,177235.23,1,France,Male,0,1,92.96655482108054
730,646.1006169690968,26,0.0,34542.41,1,Spain,Male,0,0,83.89938303090321
532,645.22496456463,44,148595.55,74838.64,1,France,Male,1,0,-113.22496456463
779,654.0427951985097,34,0.0,111676.63,2,Spain,Female,0,1,124.95720480149032
562,649.8168219337341,29,0.0,25858.68,1,France,Male,0,1,-87.8168219337341
767,656.3777418518192,44,152509.25,136915.15,1,France,Female,0,1,110.62225814818078
669,639.9008231935721,44,96418.09,131609.48,1,France,Female,1,0,29.099176806427863
542,653.7928363139052,32,131945.94,159737.56,1,Spain,Male,0,1,-111.79283631390524
799,651.6762056596763,35,0.0,140780.8,2,Spain,Male,0,1,147.32379434032373
804,648.6766053321136,25,108396.67,128276.95,1,France,Male,0,0,155.32339466788642
745,656.1859732772648,38,65095.41,140197.42,2,Germany,Male,0,1,88.8140267227352
520,654.1771268018546,35,115680.81,90280.7,1,Spain,Female,0,1,-134.17712680185457
673,653.580734414479,36,73088.06,196142.26,2,Germany,Male,0,0,19.419265585520975
679,652.6205402670726,60,0.0,77331.77,2,France,Male,0,1,26.379459732927444
530,655.5512146680583,42,99948.45,97338.62,1,Germany,Female,0,1,-125.55121466805826
721,647.443083756415,37,0.0,70810.8,2,France,Female,0,0,73.55691624358496
696,651.4585155467033,22,149777.0,198032.93,1,France,Male,0,1,44.541484453296675
634,659.4640109086985,37,89696.84,193179.88,2,Germany,Male,0,1,-25.46401090869847
649,654.2809364139331,38,122214.0,88965.46,1,France,Male,0,1,-5.280936413933091
788,657.1459284340935,39,135139.33,113086.08,1,France,Female,0,1,130.85407156590645
564,655.4623305950793,44,111760.4,104722.47,3,Germany,Female,1,1,-91.46233059507927
614,651.1834835807033,41,121558.46,598.8,1,France,Female,0,1,-37.183483580703296
670,651.0696764132795,30,133446.34,3154.95,1,Spain,Male,0,0,18.930323586720533
551,650.6148931009687,30,143340.44,145796.49,1,Germany,Female,0,0,-99.61489310096874
704,659.2240440750401,42,129735.3,179565.57,2,France,Male,0,1,44.77595592495993
492,653.5771352708641,29,144591.96,196293.76,1,France,Male,0,1,-161.57713527086412
705,645.7640290819381,30,0.0,181300.32,1,France,Male,0,1,59.23597091806187
850,651.5375973747131,51,109799.55,12457.76,2,Spain,Male,1,1,198.46240262528693
689,649.5445871453514,39,0.0,14917.09,2,France,Male,0,0,39.45541285464856
597,652.6708237505666,33,135703.59,74850.84,2,France,Female,0,0,-55.67082375056657
640,640.5407848234385,43,132412.38,69584.3,1,France,Male,1,0,-0.5407848234384574
697,654.7335336086506,39,151553.19,44946.29,1,France,Female,0,1,42.266466391349354
498,650.666219447924,29,127864.26,46677.9,1,Spain,Male,0,1,-152.66621944792405
774,647.7756638983888,53,113709.28,153887.93,1,France,Male,1,1,126.22433610161124
648,651.9362744929433,44,0.0,58652.23,2,France,Female,0,1,-3.936274492943312
669,641.0587085860114,37,0.0,132540.33,1,France,Male,0,0,27.94129141398855
628,658.3739977829835,32,149136.31,16402.11,2,France,Male,0,1,-30.37399778298345
553,654.7852936449116,43,85200.82,160574.09,2,Germany,Male,0,1,-101.78529364491158
575,659.4833706637689,53,84903.33,26015.8,2,Spain,Male,0,1,-84.48337066376894
544,655.979659334915,39,142406.43,146637.45,2,Germany,Male,0,0,-111.97965933491503
748,649.243152297425,33,142645.43,69132.66,1,France,Male,0,0,98.75684770257499
607,646.3258974068024,25,0.0,187048.72,2,France,Male,0,0,-39.32589740680237
551,646.5087606782992,32,0.0,53420.53,2,Spain,Male,0,0,-95.50876067829915
525,645.5232047100429,25,0.0,89566.64,2,France,Female,0,0,-120.52320471004293
545,644.3554728520162,36,73211.12,89587.34,2,Spain,Male,1,0,-99.35547285201619
439,656.4991345473434,52,96196.24,198874.52,4,Spain,Male,1,0,-217.49913454734337
750,641.3523161375821,52,107467.56,126233.18,1,Germany,Female,1,0,108.64768386241792
551,654.8491904484647,37,0.0,50578.4,2,France,Male,0,1,-103.8491904484647
620,652.8913799258369,29,0.0,153392.28,2,France,Female,0,1,-32.89137992583687
660,644.8349015410935,42,0.0,115509.59,2,Spain,Male,0,0,15.165098458906527
621,651.1715449673515,47,107363.29,66799.28,1,Germany,Male,0,1,-30.17154496735145
680,657.443705894854,32,175454.0,77349.92,1,Germany,Male,0,1,22.55629410514598
651,640.9963550910368,56,0.0,114522.68,1,France,Male,1,0,10.003644908963224
685,648.4710882870029,34,83264.28,9663.28,1,Spain,Male,0,0,36.528911712997115
717,658.4456951022603,76,138489.66,68400.14,1,France,Female,0,1,58.55430489773971
576,645.4824633685778,32,0.0,4660.91,2,France,Male,0,0,-69.48246336857778
774,654.5369420629708,36,103688.19,118971.74,1,France,Male,0,1,119.46305793702925
792,642.1025652607148,30,0.0,199644.2,2,France,Male,0,0,149.89743473928525
778,648.2963633237619,29,123229.46,181221.09,1,Germany,Female,0,0,129.70363667623815
579,653.7105344648676,39,117833.3,5831.0,3,Germany,Female,1,0,-74.71053446486758
681,644.9948463061658,34,0.0,130686.59,2,France,Male,0,0,36.005153693834245
641,651.6109828263266,42,132657.55,35367.19,1,Spain,Male,0,0,-10.610982826326563
505,650.5184812087954,45,131355.3,195395.33,3,Spain,Female,1,0,-145.51848120879538
616,654.0709871817055,39,121704.32,55556.3,2,Germany,Male,0,0,-38.070987181705505
523,653.2868147412615,35,138782.76,186118.93,1,Germany,Male,0,1,-130.28681474126154
663,651.43639005712,35,0.0,195580.28,2,France,Male,0,1,11.56360994288002
689,647.7751195242323,47,93871.95,156878.42,3,France,Male,1,0,41.22488047576769
625,655.8973560864089,39,130786.92,121316.07,1,France,Female,0,1,-30.897356086408877
729,654.5952619199234,45,91091.06,71133.12,2,Spain,Female,0,0,74.40473808007664
696,652.9499709623653,43,0.0,66406.37,2,Spain,Female,0,1,43.05002903763466
786,657.62290506598,32,104336.43,59559.81,2,Germany,Female,0,0,128.37709493401996
580,653.6117898651655,55,104305.74,175750.21,1,France,Male,0,1,-73.61178986516552
747,644.3925232242036,45,114959.12,189362.39,1,France,Female,1,0,102.60747677579639
676,647.6849275845688,20,80569.73,68621.98,1,France,Male,0,0,28.315072415431246
678,657.6478187383759,22,174852.89,28149.06,1,France,Female,0,1,20.352181261624082
770,653.3638248370283,36,89800.14,105922.69,1,France,Male,0,1,116.63617516297165
716,648.2563602856281,38,0.0,189678.7,2,France,Male,0,0,67.74363971437185
621,653.1283663854861,27,74298.43,52581.96,1,Germany,Male,0,1,-32.12836638548606
607,651.4346725816805,35,0.0,114190.3,2,France,Male,0,1,-44.4346725816805
582,656.3455363336508,40,0.0,60954.45,3,France,Female,0,1,-74.34553633365078
503,651.2611598090537,42,104430.08,147557.71,1,France,Male,0,1,-148.26115980905365
806,649.6450545263024,31,138653.51,190803.37,1,Germany,Male,0,0,156.35494547369763
653,654.7155704620867,31,102575.04,11043.54,1,France,Female,0,1,-1.7155704620867027
678,665.3218501387823,43,153393.18,193828.27,2,Germany,Female,0,1,12.678149861217662
734,637.8945193292856,54,0.0,130805.54,1,France,Female,1,0,96.10548067071443
716,652.0354530935941,22,0.0,92606.98,2,France,Female,0,1,63.96454690640587
439,657.0505774596062,36,165536.28,123956.83,2,France,Male,0,1,-218.0505774596062
743,650.5530155299969,40,68155.59,94876.65,1,France,Male,0,0,92.44698447000314
734,654.6656358176094,43,55853.33,94811.85,2,Spain,Female,1,1,79.33436418239057
696,654.6951045368719,60,88786.81,196858.4,1,Spain,Male,0,1,41.304895463128105
640,649.0292868731402,29,0.0,2743.69,2,France,Female,0,0,-9.029286873140222
620,653.3246881051126,32,0.0,34665.79,2,France,Male,0,1,-33.324688105112614
680,649.1304393388466,51,143139.87,47795.43,1,Germany,Female,1,0,30.8695606611534
776,643.1909817042418,33,115130.34,129525.5,1,Germany,Male,1,0,132.80901829575816
795,638.8726825753266,56,0.0,35418.69,1,Spain,Female,1,0,156.12731742467338
697,653.8609581821174,76,0.0,188772.45,2,France,Female,0,1,43.13904181788257
548,654.2189272962341,28,116755.5,158585.17,2,France,Female,1,1,-106.21892729623414
752,646.6019791879197,44,83870.33,178722.24,1,Spain,Male,0,0,105.39802081208029
643,649.74222405382,34,117451.47,65374.86,1,Spain,Female,0,0,-6.742224053819996
692,645.5996261617646,41,130701.29,59354.24,1,Germany,Female,1,0,46.400373838235396
574,645.9852813568355,34,0.0,28269.86,2,Spain,Male,0,0,-71.98528135683546
637,655.1080579730724,48,130806.99,132005.85,2,France,Female,1,1,-18.10805797307239
677,649.7869487148281,40,0.0,88947.56,2,Spain,Male,0,0,27.2130512851719
485,643.6861891036514,27,0.0,141449.86,2,France,Female,0,0,-158.68618910365137
575,650.8968769649011,37,133292.45,111175.09,1,Spain,Female,0,0,-75.89687696490114
585,655.768056220907,28,105795.9,41219.09,1,France,Female,0,1,-70.76805622090706
590,648.1077131506568,32,0.0,59249.83,2,France,Male,0,0,-58.107713150656764
635,650.2309944274172,24,140197.18,142935.83,1,Spain,Male,0,1,-15.230994427417158
726,648.4006755202654,32,0.0,185075.63,2,France,Female,0,0,77.5993244797346
663,643.5436399116162,36,0.0,136349.55,2,France,Male,0,0,19.456360088383803
555,655.3910256843429,24,0.0,197866.55,2,Spain,Female,0,1,-100.39102568434294
595,651.2009017835834,36,85768.42,24802.77,1,Spain,Male,0,1,-56.20090178358339
684,656.5939514374033,34,100628.0,190263.78,2,Spain,Male,0,1,27.406048562596652
762,648.6511154717753,19,0.0,55500.17,2,Spain,Female,0,0,113.34888452822474
815,654.808906860817,24,171922.72,178028.96,1,France,Male,0,1,160.19109313918295
641,644.4896596863056,31,155978.17,91510.71,1,France,Male,0,0,-3.489659686305572
507,652.1094300331922,29,89349.47,180626.68,2,France,Female,0,0,-145.1094300331922
707,652.4307381367084,58,102346.86,114672.64,1,France,Female,0,1,54.56926186329156
688,641.5380260685885,33,0.0,27557.18,1,Spain,Female,1,0,46.461973931411535
614,654.978418090773,51,0.0,5552.37,2,France,Male,0,1,-40.97841809077295
738,648.7636252292664,35,161274.05,181429.87,2,France,Male,0,0,89.23637477073362
583,653.6338714931629,57,238387.56,147964.99,1,France,Female,1,1,-70.63387149316293
635,653.3074044281788,48,81556.89,191914.37,2,Germany,Female,0,0,-18.307404428178756
678,658.5736246019294,31,0.0,130446.65,2,France,Female,0,1,19.426375398070604
693,655.3938217642608,37,0.0,82867.55,2,France,Male,0,1,37.60617823573921
754,640.7144955492284,19,0.0,189641.11,1,Spain,Female,0,0,113.28550445077155
654,647.3702741765929,40,0.0,167889.1,2,France,Female,0,0,6.629725823407057
572,655.1170053658723,38,0.0,133122.62,2,France,Female,0,1,-83.11700536587227
523,657.2012646669035,28,121164.11,59938.81,1,France,Female,0,1,-134.2012646669035
513,651.6979420573252,72,98903.06,81251.24,1,Spain,Male,0,1,-138.69794205732524
666,642.5500328619232,53,64646.7,128019.48,1,France,Male,1,0,23.449967138076772
430,645.8450009532859,35,118894.22,2923.61,1,France,Male,0,0,-215.84500095328588
712,650.4431947365124,24,0.0,121232.51,1,France,Male,0,1,61.556805263487604
802,654.1785615800728,40,0.0,175043.69,2,Spain,Male,0,1,147.82143841992718
529,637.3870455875325,38,0.0,146388.85,1,France,Female,1,0,-108.3870455875325
688,650.6860046274301,24,0.0,102195.16,2,Spain,Female,0,1,37.313995372569934
665,649.3258829389769,45,155447.65,51871.95,2,Germany,Female,1,0,15.67411706102314
660,652.7700256322322,24,85089.3,71638.0,1,Germany,Male,0,1,7.229974367767795
658,657.3017533984975,29,75395.53,54914.92,2,Germany,Male,0,1,0.6982466015025466
844,647.912051936593,38,111501.66,119333.38,1,France,Male,0,1,196.087948063407
602,653.3221113174982,48,76595.08,127095.14,2,Germany,Female,0,0,-51.322111317498184
671,662.0887818008689,34,130929.02,28238.25,4,Spain,Female,1,1,8.911218199131099
581,648.3732279042194,40,101016.53,7926.35,1,Germany,Male,1,1,-67.37322790421945
630,653.5042281879088,67,0.0,27330.27,2,France,Male,0,1,-23.50422818790878
644,650.5781193635424,40,77270.08,115800.1,2,Germany,Female,1,1,-6.5781193635424415
775,654.2123507086682,66,0.0,67622.34,2,France,Female,0,1,120.78764929133183
537,652.6958727843643,84,92242.34,186235.98,1,Germany,Male,0,1,-115.69587278436427
420,643.8240883905045,55,91893.32,144870.28,1,Spain,Female,1,0,-223.82408839050447
570,648.4063686574731,46,0.0,820.46,2,France,Female,0,0,-78.40636865747308
710,653.5516317100928,30,0.0,8991.17,2,France,Male,0,1,56.448368289907194
466,655.080851488062,29,0.0,2797.27,2,France,Male,0,1,-189.08085148806197
676,653.868474450986,31,78990.15,124777.14,1,France,Male,0,1,22.131525549013986
632,648.5890559539273,29,80922.75,7820.78,1,Spain,Female,0,0,-16.5890559539273
598,646.4745782350697,46,131769.04,184980.23,1,Germany,Female,1,0,-48.47457823506966
582,654.5931083692321,26,114450.32,14081.64,1,Germany,Male,0,1,-72.59310836923214
792,650.0622666550528,42,0.0,92664.09,2,France,Female,0,0,141.93773334494722
679,660.9982223300307,35,130463.55,37341.17,2,Germany,Male,0,1,18.00177766996933
493,653.4515413853618,32,46161.18,79577.4,1,Spain,Male,0,1,-160.4515413853618
581,653.5350004355246,49,0.0,41623.59,2,Spain,Male,0,0,-72.53500043552458
625,659.709487552073,37,177069.24,96088.54,2,France,Male,0,1,-34.70948755207303
692,657.9694423410504,66,159732.02,118188.15,1,France,Male,0,1,34.03055765894965
445,654.1960247337129,30,0.0,127939.19,2,France,Female,0,1,-209.19602473371287
649,659.288044271316,37,87374.88,247.36,2,France,Male,0,1,-10.28804427131604
607,651.0314790014088,21,0.0,116106.52,2,France,Female,0,0,-44.0314790014088
746,645.4020544663166,30,112666.67,11710.4,1,Spain,Male,1,0,100.5979455336834
537,652.1930591449832,28,157842.07,86911.49,1,France,Male,0,0,-115.19305914498318
779,652.9019805807012,27,0.0,190623.02,2,France,Male,0,1,126.0980194192988
456,651.7914892065128,63,165350.61,140758.07,2,France,Female,1,0,-195.79148920651278
686,659.4726527537194,41,152105.57,132374.41,2,France,Female,0,1,26.527347246280556
426,653.4537932022188,34,0.0,61230.83,2,France,Female,0,1,-227.45379320221878
643,645.6051210420256,32,0.0,131301.74,1,Spain,Female,0,0,-2.605121042025644
771,653.4583529487808,18,0.0,41542.95,2,Spain,Male,0,0,117.54164705121923
799,643.4015899630419,30,0.0,136827.96,2,France,Female,0,0,155.59841003695806
692,648.6884412641015,28,61581.97,70179.91,1,France,Male,0,1,43.31155873589853
778,657.1009161151425,37,105617.73,133699.82,2,Germany,Female,1,1,120.89908388485753
662,654.8721955691077,37,94901.09,48233.75,1,Spain,Male,0,1,7.127804430892297
534,656.9226599883968,29,174851.9,79178.31,1,France,Male,0,1,-122.92265998839684
672,646.8705426703413,43,0.0,63833.09,1,France,Male,0,0,25.12945732965875
675,647.3214248632015,61,62055.17,166305.16,3,France,Female,1,0,27.678575136798486
765,650.8960239561783,41,124182.21,100153.43,1,France,Male,0,0,114.10397604382172
695,639.9707343904714,50,0.0,126381.6,1,France,Female,1,0,55.02926560952858
674,643.8867349115709,46,174701.05,90189.72,1,France,Male,1,0,30.113265088429102
704,642.665999825468,39,124640.51,116511.12,1,Germany,Female,1,0,61.33400017453198
686,647.714176265996,35,0.0,8816.37,1,France,Male,0,0,38.285823734004
721,645.0225626425296,41,0.0,168219.75,2,France,Male,0,0,75.97743735747042
446,650.3723236639669,51,105056.13,70613.52,1,France,Female,0,0,-204.37232366396688
555,659.9103875912162,62,114822.64,8444.5,1,Germany,Female,0,1,-104.91038759121625
722,653.3128272536563,32,106807.64,76998.69,1,Germany,Female,0,1,68.68717274634366
796,650.7279475604961,40,99745.95,177524.19,1,Germany,Female,0,0,145.2720524395039
635,651.4266129824475,37,0.0,91086.73,2,Spain,Female,0,0,-16.426612982447523
792,646.2632317817204,29,107601.79,18922.18,1,Germany,Female,1,0,145.73676821827962
604,655.3983394379509,39,98544.11,52327.57,1,Spain,Female,0,1,-51.39833943795088
656,655.1977445260766,46,143267.14,193099.43,2,France,Male,0,0,0.8022554739234238
827,653.1696680487129,47,143001.5,108977.5,2,Germany,Female,0,0,173.83033195128712
640,653.7579594930419,62,0.0,101663.47,1,Spain,Male,0,1,-13.75795949304188
593,655.4005909159221,32,0.0,151978.36,2,France,Female,0,1,-62.400590915922066
732,652.6946801877665,79,61811.23,104222.8,1,France,Male,0,1,79.3053198122335
542,656.5068271496862,33,142871.27,77737.86,2,Germany,Male,0,0,-114.50682714968616
534,647.9419767334343,42,144801.97,12483.39,1,France,Female,1,1,-113.94197673343433
497,656.0429726167398,35,110053.62,92887.06,2,Germany,Male,0,1,-159.0429726167398
666,645.1496617639092,44,122314.5,68574.88,1,Germany,Female,1,0,20.850338236090806
850,654.0836008556599,28,0.0,12409.01,2,France,Male,0,1,195.91639914434006
676,643.1330648526781,40,147803.48,95181.06,1,France,Female,1,0,32.8669351473219
576,645.465746216881,52,170228.59,148477.57,2,France,Female,1,0,-69.46574621688103
482,655.2860293594281,35,133111.73,79957.95,1,France,Female,0,1,-173.28602935942808
670,655.4384371582446,67,158719.57,118607.4,1,Spain,Male,0,1,14.561562841755403
749,655.3038349645983,37,185063.7,134526.87,2,France,Male,0,1,93.69616503540169
652,656.2326149203213,42,83492.07,37914.12,2,Spain,Female,0,0,-4.232614920321339
707,640.5208715193526,49,0.0,82967.97,1,France,Female,1,0,66.47912848064743
568,653.1890621571081,30,73054.37,27012.0,2,France,Male,0,1,-85.18906215710808
731,655.3313766848246,41,152243.57,88783.59,1,France,Female,0,1,75.66862331517541
686,651.5611867553007,31,0.0,4802.25,2,France,Female,0,0,34.438813244699304
649,653.9352042529458,45,0.0,75204.21,2,France,Male,0,1,-4.935204252945823
647,652.5320907036411,37,116509.99,149517.71,1,Germany,Male,1,1,-5.5320907036410745
629,650.6089723412875,39,129669.32,82774.07,2,France,Male,0,0,-21.60897234128754
496,650.6232856481436,29,0.0,55389.59,2,Spain,Male,0,0,-154.62328564814356
593,652.8458936657773,45,79259.75,55347.28,1,Spain,Female,0,0,-59.84589366577734
749,655.8698598954036,35,0.0,132649.85,3,France,Female,0,1,93.13014010459642
750,649.0556242965729,33,152302.72,71333.44,1,France,Male,0,0,100.94437570342711
579,657.9404328486129,59,148021.12,74878.22,1,Spain,Female,0,1,-78.94043284861289
640,649.7430909075656,31,138857.59,48640.77,1,France,Female,0,0,-9.743090907565602
752,660.869698245627,45,105426.5,89773.45,2,Germany,Female,0,1,91.13030175437302
660,654.703459945091,28,170890.05,41758.9,2,Germany,Male,0,0,5.296540054908974
554,650.3785230595473,22,0.0,142670.61,2,France,Female,0,1,-96.37852305954732
458,649.4556773001515,35,166492.48,135287.74,1,Spain,Female,0,0,-191.45567730015148
470,652.4071162744589,30,101140.76,50906.65,1,France,Male,0,1,-182.40711627445887
701,658.6054052223444,41,150844.94,127623.36,1,Germany,Male,0,1,42.394594777655584
664,654.344584318133,35,115024.5,169665.79,1,Spain,Male,0,1,9.655415681866998
703,655.8507234425377,73,137761.55,159677.46,1,Spain,Male,0,1,47.14927655746226
646,648.062333066484,30,0.0,153566.97,2,France,Male,0,0,-2.0623330664840296
850,650.6028348764166,29,0.0,199775.67,2,France,Female,0,1,199.39716512358336
555,647.8250189009672,35,0.0,101667.0,2,Spain,Female,0,0,-92.82501890096717
609,659.3139421526251,38,140752.06,171430.16,2,Germany,Male,0,1,-50.313942152625145
734,647.9988350093907,39,92126.26,112973.34,2,Spain,Female,0,0,86.00116499060925
739,650.619420081467,58,110597.76,160122.66,1,Germany,Male,1,1,88.38057991853304
712,646.49457023269,34,114088.32,92794.61,1,France,Male,0,0,65.50542976731003
631,654.3501932536863,26,149144.61,123697.95,1,France,Male,0,1,-23.350193253686257
677,652.2567057484233,42,99580.13,21007.96,1,France,Male,0,0,24.743294251576685
570,648.3298921744322,21,116099.82,148087.62,1,Spain,Male,0,1,-78.32989217443219
605,645.4624464976863,39,111169.91,9641.4,1,France,Male,0,0,-40.4624464976863
704,654.0434307824346,37,155619.58,135088.58,1,Spain,Female,0,1,49.9565692175654
670,654.7287504806268,33,84521.48,198017.05,2,Germany,Female,0,1,15.271249519373214
662,642.6370482222073,59,104568.41,8059.44,1,Germany,Male,1,0,19.36295177779266
553,642.8991185287197,53,127997.83,165378.66,1,Germany,Male,1,0,-89.89911852871967
686,655.5486686513302,43,134896.03,97847.05,1,Germany,Male,0,1,30.451331348669783
850,649.772486717751,29,0.0,152996.89,2,France,Male,0,0,200.227513282249
714,653.2111406394555,29,92887.13,69578.49,1,Germany,Male,0,1,60.78885936054451
548,652.2319082405834,29,83442.98,177017.39,1,France,Male,0,1,-104.23190824058338
706,661.7174202596956,35,178032.53,42181.68,1,France,Female,0,1,44.28257974030441
761,651.7466020338387,26,0.0,199409.19,2,France,Female,0,1,109.25339796616129
511,654.9458556743341,31,137411.29,161854.98,1,France,Female,0,1,-143.9458556743341
794,653.2501891488041,28,0.0,86699.98,2,Spain,Female,0,1,140.7498108511959
807,642.2044958769336,47,167664.83,125440.11,1,France,Female,1,0,164.7955041230664
535,654.6056242546281,47,160729.1,145986.35,1,France,Male,0,1,-119.60562425462808
607,654.7031469912076,31,0.0,43196.5,2,France,Male,0,1,-47.70314699120763
476,646.0287316452675,37,0.0,55775.84,1,France,Male,1,1,-170.0287316452675
748,644.8376034172361,23,85600.08,134077.71,1,Spain,Female,0,0,103.1623965827639
614,636.5433596572218,46,0.0,74379.57,1,France,Male,1,0,-22.5433596572218
708,653.8873029077379,32,86614.06,172129.26,2,France,Male,0,1,54.112697092262124
730,649.2752170041782,38,38848.19,94003.11,2,Germany,Male,0,0,80.72478299582178
696,655.5474637715076,40,153639.11,138351.68,1,Spain,Male,0,1,40.45253622849236
665,647.7621835495806,39,46323.57,136812.02,1,France,Male,0,0,17.23781645041936
634,660.7069642795095,29,130036.21,69849.55,2,Germany,Female,0,1,-26.70696427950952
641,660.7361836980316,51,117306.69,26912.72,4,Germany,Female,1,1,-19.736183698031596
813,653.9464054751713,32,122889.88,26476.18,1,France,Male,0,1,159.05359452482867
480,653.7565183438837,40,148790.61,79329.7,1,France,Male,0,1,-173.75651834388373
688,660.0349106006046,37,138162.41,113926.31,2,Spain,Male,0,1,27.965089399395424
430,649.2911553225232,38,0.0,12050.77,2,France,Male,0,1,-219.2911553225232
601,656.2222185630401,42,96763.89,199242.65,1,Spain,Female,0,1,-55.22221856304009
841,638.6759809054522,52,0.0,183239.71,1,France,Female,1,0,202.3240190945478
658,651.7108408831838,32,0.0,80410.68,1,France,Male,0,1,6.289159116816222
720,655.4037200675108,21,123200.78,180712.28,1,Spain,Male,0,1,64.59627993248921
452,654.1808446058818,60,121730.49,142963.29,1,France,Female,0,1,-202.18084460588182
557,650.1736039319035,39,146200.01,177944.64,1,France,Male,0,0,-93.17360393190347
626,652.4460551403741,39,132287.92,51467.92,3,Germany,Male,1,1,-26.446055140374142
646,649.6966785157363,34,131283.11,130500.65,1,France,Female,0,0,-3.6966785157362665
676,657.8387338229473,48,131659.59,14152.15,2,Spain,Male,0,1,18.161266177052653
810,655.7026810302987,38,153166.17,93261.69,1,France,Female,0,1,154.29731896970134
718,652.5210000547627,35,167924.95,43024.64,1,France,Female,0,0,65.47899994523732
656,650.6490414062814,47,0.0,197961.93,2,Spain,Male,0,1,5.3509585937185875
583,648.6987581029257,31,158978.79,12538.92,1,France,Female,0,0,-65.6987581029257
850,655.6273848523904,45,114347.85,109089.04,2,Spain,Female,0,1,194.37261514760962
755,655.4157374679244,40,137430.82,176768.59,2,Germany,Male,0,0,99.58426253207563
599,659.1252164368499,39,188976.89,176142.09,2,Germany,Male,0,1,-60.12521643684988
558,649.2345580380678,40,0.0,173844.89,2,France,Male,0,0,-91.2345580380678
700,645.9526526850138,30,0.0,174971.64,1,France,Female,0,1,54.047347314986155
670,647.3977974995731,36,0.0,59571.5,2,France,Male,0,0,22.60220250042687
675,647.6018594591918,32,0.0,191545.65,2,Spain,Male,0,0,27.398140540808186
712,648.2184227645014,52,0.0,117977.45,1,Spain,Male,1,1,63.78157723549862
639,659.0244982545407,37,151242.48,49637.65,1,Germany,Female,0,1,-20.02449825454073
618,638.5816246451336,48,0.0,13921.82,1,France,Male,1,0,-20.581624645133616
554,651.9513020531699,39,129709.62,173197.12,1,France,Male,0,0,-97.95130205316991
651,647.1780976560805,44,0.0,102530.35,3,France,Male,1,0,3.8219023439195325
658,653.9022655858435,24,0.0,84694.49,2,France,Female,0,1,4.097734414156548
850,655.7353078675787,38,106831.69,148977.72,1,France,Female,0,1,194.26469213242126
627,656.4239297568071,37,147361.57,133031.96,1,Germany,Female,0,1,-29.42392975680707
652,657.1149296798033,74,0.0,937.15,2,France,Female,0,1,-5.114929679803254
850,661.6867932991715,45,174088.3,5669.31,4,Spain,Female,1,0,188.31320670082846
513,650.6673524381783,42,0.0,73151.25,2,Spain,Female,0,1,-137.66735243817834
564,644.0724977615859,27,0.0,7819.76,1,France,Female,0,0,-80.07249776158585
568,656.9598587017376,51,0.0,66586.56,3,France,Male,0,1,-88.95985870173763
741,650.9409403217027,43,0.0,2920.63,2,Spain,Male,1,1,90.05905967829733
510,653.3067071616343,32,0.0,28515.17,2,France,Female,0,1,-143.30670716163434
716,656.192201155093,33,0.0,92916.53,2,Spain,Male,0,1,59.80779884490698
755,663.4348818749073,29,148654.84,28805.09,2,France,Female,0,1,91.56511812509268
598,655.5510893045966,32,111156.52,167376.26,1,France,Female,0,1,-57.551089304596644
679,648.8544520984896,36,97234.58,188997.08,1,France,Male,0,0,30.14554790151044
626,652.9232952650999,47,103108.8,166475.44,1,Germany,Female,1,1,-26.92329526509991
682,635.770687960387,55,0.0,153356.8,1,France,Male,1,0,46.22931203961298
767,650.7906770596708,34,0.0,94767.77,2,France,Female,0,0,116.20932294032923
589,646.6314262099801,19,83495.11,143022.31,1,Germany,Female,1,1,-57.63142620998008
543,656.8716971712697,25,146566.01,161407.48,1,Germany,Female,0,1,-113.87169717126972
850,640.1155709728735,40,0.0,136985.08,1,France,Male,1,0,209.88442902712654
651,646.2816574298037,36,0.0,91652.43,2,Spain,Female,0,0,4.7183425701963415
740,653.3390090839999,37,0.0,73225.31,2,France,Female,0,1,86.66099091600006
595,646.7177731332511,29,150685.79,87771.06,1,France,Male,0,0,-51.71777313325106
655,655.587642066521,39,94631.26,148948.52,2,France,Female,0,1,-0.5876420665209707
732,654.772710598888,34,122338.43,187985.85,2,France,Female,0,0,77.22728940111199
531,651.1356078364612,44,0.0,34416.79,2,France,Male,0,1,-120.13560783646119
489,652.5746694957078,38,117289.92,85231.88,1,France,Female,0,0,-163.57466949570778
452,648.4982367596372,33,153663.27,111868.23,1,Germany,Male,0,0,-196.49823675963717
490,644.7370661386234,29,0.0,32089.57,2,France,Male,0,0,-154.7370661386234
711,657.4190002704601,41,145754.91,101455.07,1,France,Female,0,1,53.58099972953994
623,655.3977155531567,57,71481.79,84421.34,2,France,Female,0,1,-32.39771555315667
465,651.5846385102581,33,0.0,78698.09,2,France,Male,0,1,-186.58463851025806
562,656.0450149094679,75,87140.85,39351.64,1,France,Male,0,1,-94.04501490946791
536,654.7693050721308,32,178011.5,22375.14,2,France,Male,0,0,-118.7693050721308
554,656.5256997905227,41,112152.89,36242.19,1,Spain,Female,0,1,-102.52569979052271
714,648.6336543348011,53,99141.86,72496.05,1,Germany,Male,1,1,65.36634566519888
733,653.4495354016345,44,106070.89,101617.43,1,Spain,Male,0,1,79.55046459836547
615,651.3054964501889,30,0.0,3183.15,2,France,Male,0,0,-36.30549645018891
615,647.7569221940438,32,0.0,2139.25,2,France,Male,0,0,-32.756922194043796
692,639.99530926383,31,0.0,91829.17,2,France,Female,1,0,52.004690736170005
476,653.0128758195141,40,0.0,182547.04,2,France,Female,0,0,-177.01287581951408
492,646.9015864749026,28,0.0,95957.09,2,France,Female,0,0,-154.90158647490262
673,660.9419659801134,77,76510.52,59595.66,2,Germany,Female,0,1,12.058034019886577
701,652.91538182765,36,95448.32,189085.07,2,Germany,Male,0,0,48.08461817235002
616,643.8967211424412,43,120867.18,18761.92,1,Spain,Female,1,0,-27.89672114244115
691,652.2514200261655,21,103000.94,104648.58,1,Spain,Male,0,1,38.74857997383447
580,647.0646014036517,38,115442.19,128481.5,2,Germany,Male,1,0,-67.06460140365175
850,648.2492128571517,38,0.0,16491.64,2,France,Male,0,0,201.75078714284825
577,657.0166923348527,44,115557.0,127506.76,1,Spain,Female,0,1,-80.01669233485268
686,650.620171220449,45,74274.87,64907.48,3,Spain,Male,1,0,35.37982877955096
657,649.4411081039335,39,80293.81,97192.76,1,France,Female,0,0,7.558891896066484
781,639.1179065989744,48,82794.18,124720.68,1,Germany,Female,1,0,141.8820934010256
501,648.2901541037978,40,0.0,141946.92,2,France,Female,0,0,-147.29015410379782
662,649.8576060497645,74,0.0,123583.85,2,France,Male,0,0,12.142393950235487
662,653.2979864004461,22,126362.57,97382.8,2,France,Female,0,1,8.70201359955388
725,657.5979115006609,39,160652.45,57643.55,2,France,Male,0,0,67.40208849933913
850,645.7301230409805,41,60880.68,31825.84,1,Germany,Male,0,0,204.26987695901948
669,653.4147793822094,29,0.0,138145.62,2,France,Male,0,1,15.585220617790583
438,646.1677412400855,59,127197.14,51565.98,1,Germany,Male,1,0,-208.16774124008555
492,652.0012689661606,39,0.0,71323.23,2,France,Male,0,1,-160.00126896616064
553,654.2784386917835,39,142876.98,44363.42,2,Spain,Female,0,0,-101.27843869178355
660,650.1780810185002,30,146301.31,96847.91,1,France,Male,0,0,9.821918981499834
718,647.0875526240465,38,0.0,38308.34,2,France,Male,0,0,70.91244737595355
479,655.3881222545568,24,107637.97,169505.83,2,Germany,Male,0,1,-176.38812225455683
845,649.9045030247921,38,112803.92,179631.85,1,Spain,Female,0,0,195.09549697520788
602,657.6303581559663,43,113641.49,115116.35,4,Germany,Female,1,0,-55.63035815596629
564,654.2715729113881,35,0.0,105837.38,2,Spain,Female,0,1,-90.27157291138815
764,651.3066502765689,24,0.0,88724.49,2,France,Female,0,0,112.69334972343108
682,648.1419599569429,47,134032.01,144290.97,1,Spain,Female,0,0,33.858040043057144
587,657.310281599305,32,125445.04,130514.78,2,Germany,Female,0,1,-70.31028159930497
601,658.5729704258246,47,142802.02,57553.02,1,Germany,Female,0,1,-57.572970425824565
602,646.9079559807526,35,0.0,31050.02,2,France,Female,0,0,-44.907955980752604
588,654.4401686181826,59,0.0,27435.41,2,Spain,Male,0,1,-66.44016861818261
565,658.7387128247973,40,89994.71,121084.27,2,Germany,Female,0,1,-93.73871282479729
615,646.5334091797461,36,0.0,27011.8,1,France,Male,1,1,-31.53340917974606
633,645.663054896924,37,0.0,182258.17,2,France,Male,0,0,-12.663054896923995
641,645.5090742943488,41,0.0,65396.79,2,France,Male,0,0,-4.509074294348807
826,652.8212492291584,56,174506.1,161802.82,2,Spain,Female,1,1,173.1787507708416
778,648.5305196855833,33,0.0,85439.73,2,France,Male,0,0,129.46948031441673
598,656.3711300918903,47,0.0,186116.54,2,France,Male,0,1,-58.371130091890336
655,652.7967379729546,45,0.0,166830.71,2,France,Female,0,0,2.2032620270454117
696,651.0736871470712,31,150604.52,5566.6,1,Germany,Male,0,0,44.926312852928845
716,647.0755921195939,44,155114.9,133871.83,1,France,Female,0,0,68.92440788040608
512,650.0420420043503,75,0.0,123304.62,1,France,Female,0,0,-138.04204200435026
669,646.7768147446228,38,0.0,84049.16,2,France,Female,0,0,22.22318525537719
652,645.2832353866044,46,121063.8,151481.86,3,Germany,Male,1,0,6.71676461339564
676,651.3539669882917,38,0.0,133692.88,2,France,Male,0,1,24.646033011708255
548,652.5506124955745,38,178056.54,38434.73,2,Spain,Male,0,0,-104.55061249557446
642,655.6119538067159,55,0.0,101515.76,2,France,Female,0,1,-13.61195380671586
710,650.3428757574238,33,0.0,168313.17,2,Spain,Male,0,0,59.657124242576174
718,653.1539371386604,37,0.0,55100.09,2,France,Female,0,1,64.84606286133965
688,639.5578661682993,35,0.0,25488.43,1,Spain,Female,1,0,48.442133831700744
705,652.4176977282434,64,153469.26,146573.66,3,Germany,Female,1,0,52.58230227175659
516,650.5549059712696,33,115195.58,11205.5,1,France,Male,0,1,-134.5549059712696
645,651.896842689834,24,34547.82,11638.17,1,France,Female,0,1,-6.8968426898339885
833,658.8706070027429,29,96462.25,48986.18,2,Germany,Male,0,1,174.12939299725713
534,648.9216187255297,52,0.0,104035.41,3,France,Male,1,1,-114.9216187255297
478,655.2653873572576,32,71187.24,110593.62,1,France,Female,0,1,-177.26538735725762
595,657.0363760862505,39,136422.41,151757.81,1,France,Female,0,1,-62.03637608625047
603,652.8139420984361,30,0.0,47536.46,2,France,Male,0,1,-49.81394209843609
602,656.960064648916,25,0.0,101274.17,2,France,Female,0,1,-54.960064648916045
615,649.3336713981013,35,0.0,150784.29,2,France,Male,0,0,-34.333671398101274
635,653.3962609695503,78,47536.4,119400.08,1,France,Female,0,1,-18.396260969550326
623,657.9557447588126,23,106012.2,191415.94,2,France,Male,0,1,-34.95574475881256
681,646.7283004871267,25,0.0,90860.97,1,France,Male,0,1,34.27169951287328
797,659.6817911758592,55,0.0,49418.87,4,France,Female,1,1,137.3182088241408
748,637.4509719339537,49,29602.08,163550.58,1,France,Female,1,0,110.54902806604628
565,655.9648330333896,44,0.0,89602.81,2,France,Female,0,1,-90.9648330333896
510,656.6084990005498,45,103821.47,77878.62,2,France,Female,0,1,-146.60849900054984
477,659.2631196139174,48,129250.0,157937.35,2,Germany,Male,0,1,-182.2631196139174
610,641.1845362818403,45,0.0,38276.84,1,Spain,Female,1,0,-31.184536281840337
758,648.6433519592402,30,141581.08,156249.06,1,France,Female,0,0,109.35664804075975
485,650.6190844710512,34,133658.24,70209.83,1,Germany,Male,0,0,-165.61908447105122
446,649.9224845830373,25,136202.78,176743.51,1,Germany,Male,0,0,-203.92248458303732
522,656.8767660592297,34,0.0,3894.34,2,France,Female,0,1,-134.87676605922968
786,648.407520473308,35,0.0,92712.97,2,France,Male,0,0,137.59247952669205
445,651.0252679085702,31,145056.59,175893.53,1,France,Male,0,1,-206.02526790857019
443,646.5508841644034,50,117206.3,42840.18,1,Germany,Male,1,0,-203.55088416440344
637,657.083792194167,41,138014.4,140298.24,2,Germany,Male,0,0,-20.083792194167017
676,647.373279204109,48,80697.44,101397.86,1,Germany,Male,0,0,28.626720795890947
537,658.6992357786065,42,190569.23,127154.8,1,Spain,Male,0,1,-121.69923577860652
690,646.6752855709975,33,0.0,138017.68,2,France,Male,0,0,43.32471442900248
771,643.6463120081888,45,139825.56,170984.97,1,Spain,Male,1,0,127.35368799181117
622,648.2915762099907,37,0.0,4459.5,2,Spain,Male,0,0,-26.291576209990694
520,650.9249551861217,45,107023.03,32903.93,1,Spain,Male,0,0,-130.92495518612168
669,651.6562279391444,37,125529.55,162260.93,1,France,Male,0,1,17.3437720608556
850,650.8131478262557,43,161256.53,140071.57,1,France,Male,0,1,199.18685217374434
754,650.068046485546,39,74896.33,34430.16,1,France,Male,0,0,103.931953514454
474,641.0491267384988,54,0.0,108409.17,1,France,Male,1,0,-167.04912673849879
627,658.3467676496374,38,106922.92,84270.09,2,Germany,Male,0,1,-31.3467676496374
621,649.3214050675008,42,68683.68,74157.71,1,Spain,Male,0,1,-28.32140506750079
658,652.1816309682035,43,140260.36,2748.72,2,France,Female,0,0,5.818369031796465
705,656.8784439512852,35,0.0,66331.01,2,France,Female,0,1,48.12155604871475
506,656.276647370149,59,119152.1,170679.74,2,Germany,Male,0,1,-150.27664737014902
511,656.9556485303392,57,122950.31,181258.76,1,Spain,Female,0,1,-145.9556485303392
663,652.4211493394798,64,0.0,15876.52,2,Spain,Male,0,1,10.578850660520175
537,658.8067213891908,37,158411.95,117690.58,4,Germany,Female,1,1,-121.80672138919078
659,648.3265665953098,54,133436.52,56787.8,1,France,Male,0,0,10.673433404690172
785,644.8014721472238,39,130147.98,163798.41,1,France,Female,1,0,140.19852785277624
557,651.3950030818177,34,0.0,123427.98,1,Spain,Male,0,1,-94.39500308181766
630,656.0112848054973,49,0.0,162858.29,2,Spain,Female,0,1,-26.011284805497326
613,653.1930516222309,40,147856.82,107961.11,3,Germany,Male,1,0,-40.19305162223088
711,650.0293807035547,36,0.0,55207.41,2,Spain,Male,0,0,60.97061929644531
752,654.9553825338685,53,114233.18,51587.04,1,France,Female,0,1,97.04461746613151
756,650.9183529856591,19,130274.22,133535.29,1,Spain,Male,0,1,105.08164701434089
593,651.1858932717946,41,0.0,99136.49,2,France,Male,0,1,-58.18589327179461
823,653.1324850830716,71,149105.08,162683.06,1,France,Male,0,1,169.86751491692837
512,643.9943900014786,39,0.0,134878.19,1,Spain,Male,0,0,-131.99439000147856
643,658.0831948155502,33,137811.75,184856.89,1,France,Female,0,1,-15.0831948155502
484,651.7312969326833,32,0.0,139390.99,2,France,Female,0,1,-167.73129693268334
794,657.2194064711763,24,146126.75,88992.05,1,France,Male,0,1,136.78059352882372
636,649.8533468215865,52,111284.53,32936.44,1,Spain,Male,1,1,-13.853346821586456
609,657.3489240099859,26,126392.18,43651.49,1,France,Male,0,1,-48.34892400998592
803,644.2552937422716,28,0.0,159654.0,2,France,Male,0,0,158.74470625772835
411,654.5363546884064,35,0.0,93825.78,2,France,Female,0,1,-243.5363546884064
534,648.7907114156976,23,104822.45,160176.47,1,France,Female,0,1,-114.79071141569761
849,653.8820160406093,27,0.0,157891.86,2,France,Male,0,1,195.1179839593907
748,648.5631697244396,36,141573.55,82158.14,1,Spain,Male,0,0,99.4368302755604
669,655.68716123331,50,149713.61,124872.42,3,France,Male,1,1,13.312838766689993
793,648.2702881699365,29,96674.55,192120.66,2,Spain,Male,0,0,144.72971183006348
562,653.9814126576637,41,165445.04,85787.31,2,Spain,Male,0,0,-91.98141265766367
707,644.7871409757488,51,98438.23,70778.63,1,Germany,Female,1,0,62.2128590242512
764,647.1094986858325,29,0.0,65868.28,2,Spain,Male,0,0,116.89050131416752
784,655.3016081730483,31,0.0,143204.41,2,France,Male,0,1,128.6983918269517
748,641.9348433011605,60,152335.7,126743.33,1,France,Male,1,0,106.06515669883947
710,653.3563132406804,45,0.0,36154.66,2,France,Male,0,1,56.64368675931962
682,651.1644840114137,50,128039.01,102260.16,1,Spain,Female,0,1,30.83551598858628
515,651.9662548665909,33,0.0,136028.97,2,France,Male,0,1,-136.96625486659093
674,649.9539018402849,36,100762.64,182156.86,1,Germany,Female,0,0,24.046098159715143
561,653.6107881465786,34,78829.53,12148.2,1,France,Male,0,1,-92.61078814657856
683,652.6304923527633,29,157829.12,129891.66,1,France,Female,0,0,30.369507647236674
528,655.8614616436913,43,97473.87,159823.16,2,Spain,Male,0,1,-127.86146164369131
546,643.6073105117754,47,0.0,66408.01,1,France,Female,1,1,-97.60731051177538
731,650.0996008085159,42,101043.63,192175.52,1,Spain,Male,0,1,80.9003991914841
752,644.8951668363906,39,0.0,188187.05,1,France,Male,0,0,107.10483316360944
621,645.9988804424418,40,174126.75,172490.78,3,Germany,Male,1,0,-24.99888044244176
681,653.3632030205272,30,128393.29,180593.45,1,Spain,Male,0,1,27.63679697947282
776,652.3589337960534,35,106365.29,148527.56,1,Spain,Male,0,1,123.6410662039466
543,651.1237082530481,30,140916.81,157711.18,1,France,Male,0,0,-108.12370825304811
606,650.6544334927775,47,93578.68,137720.56,2,France,Male,1,1,-44.65443349277746
659,656.0403415023767,33,115409.6,1539.21,1,Spain,Female,0,1,2.959658497623309
794,647.3665888644518,62,123681.32,173586.63,3,France,Female,1,0,146.63341113554816
796,652.3401244778253,52,167194.36,62808.93,1,Germany,Female,1,1,143.65987552217473
807,654.1929863932573,36,0.0,147007.33,2,France,Female,0,1,152.80701360674266
500,651.3588139308697,44,160838.13,196261.64,2,Germany,Male,0,0,-151.3588139308697
834,659.491077644894,68,130169.27,93112.2,2,Germany,Female,0,1,174.50892235510605
502,641.2320412895621,57,101465.31,43568.31,1,Germany,Female,1,0,-139.23204128956206
746,657.5190106359363,34,141806.0,183494.87,2,Germany,Male,0,1,88.4809893640637
638,651.4011241665988,29,103417.74,15336.4,1,France,Female,0,1,-13.401124166598834
555,645.6826367535294,40,43028.77,170514.21,1,France,Male,0,0,-90.68263675352944
626,647.4324514883018,44,0.0,164287.86,2,France,Male,0,0,-21.43245148830181
681,658.4173971787096,37,73179.34,25292.53,2,Germany,Male,0,1,22.58260282129038
709,654.168719314761,38,0.0,81452.29,2,France,Male,0,1,54.831280685238994
684,653.8342174347317,46,102955.14,154137.33,2,Germany,Female,0,0,30.165782565268273
631,657.3263984363804,29,96863.52,31613.35,2,Germany,Female,0,1,-26.326398436380373
606,651.5665177054647,38,128578.52,193878.51,1,Spain,Male,0,1,-45.56651770546466
567,647.1776061996028,29,0.0,156125.72,2,Spain,Male,0,0,-80.17760619960279
755,654.4132762572553,29,0.0,4733.94,3,France,Female,0,0,100.58672374274465
707,651.9152808443115,42,16893.59,77502.56,1,France,Male,0,1,55.084719155688504
714,654.4983028439078,37,148466.93,151280.96,2,France,Male,0,1,59.50169715609218
849,652.2116362118229,41,84622.13,198072.16,1,Germany,Male,0,1,196.7883637881771
587,651.3744691732232,45,134980.74,123309.57,1,Germany,Female,1,1,-64.37446917322325
644,651.0778197991118,34,112746.54,141230.07,2,Germany,Male,0,0,-7.077819799111808
700,649.0721044861283,37,0.0,17040.82,2,France,Female,0,0,50.927895513871704
743,650.6606746991563,35,79388.33,193360.69,1,Spain,Male,0,1,92.33932530084371
543,647.4056299284712,42,89838.71,85983.54,3,France,Male,1,0,-104.40562992847117
505,653.6505454196065,43,136855.94,171070.52,2,Germany,Male,0,0,-148.6505454196065
610,642.8033300088069,37,0.0,114514.64,1,France,Male,0,0,-32.80333000880694
669,652.4869177456626,29,146011.4,50249.16,1,France,Female,0,0,16.513082254337405
550,649.836065330241,29,145294.08,147484.13,2,Germany,Male,0,0,-99.83606533024101
783,648.8956068990268,58,127539.3,96590.39,1,Germany,Female,1,1,134.1043931009732
671,643.0905176215035,51,96891.46,176403.33,1,Germany,Male,1,0,27.909482378496477
847,653.1972680878197,37,112712.17,116097.26,1,Spain,Female,0,0,193.80273191218032
650,655.7983616673939,55,119618.42,29861.13,1,Spain,Male,0,1,-5.79836166739392
678,646.1282411740873,60,185648.56,192156.54,1,France,Male,1,0,31.871758825912707
533,651.8308442286226,49,102286.6,69409.37,3,Germany,Female,1,0,-118.8308442286226
691,660.4011057662555,38,163965.69,103511.26,2,Germany,Male,0,1,30.598894233744545
700,641.0174485693677,47,0.0,121798.52,1,Spain,Male,1,0,58.98255143063227
646,642.3392416954049,31,0.0,170821.43,1,Spain,Male,1,1,3.660758304595106
850,654.0667318314345,32,128647.98,54416.18,2,Germany,Male,0,0,195.93326816856552
669,647.4667632467724,38,121858.98,130755.34,1,France,Female,0,0,21.533236753227584
515,657.9843016083731,37,196853.62,132770.11,1,France,Female,0,1,-142.98430160837313
713,649.829992503421,42,0.0,82565.01,2,France,Female,0,0,63.170007496579046
555,657.5246217781723,33,127343.4,121789.3,1,Spain,Male,0,1,-102.52462177817233
762,657.1178475446238,69,183744.98,196993.69,1,Spain,Female,0,1,104.88215245537617
510,650.3408786420929,44,0.0,175518.31,2,France,Male,0,1,-140.3408786420929
850,651.4171423438382,33,140956.99,3510.18,1,France,Male,0,0,198.58285765616176
544,655.9811577915447,30,145241.63,80676.83,1,Spain,Male,0,1,-111.98115779154466
791,647.7475601567469,34,0.0,96734.46,2,France,Male,0,0,143.25243984325311
670,647.4771236137765,31,57530.06,181893.31,1,France,Female,1,1,22.522876386223516
719,654.9258109356406,22,114415.84,177497.4,1,France,Female,0,1,64.07418906435942
753,653.2671966879728,30,110824.52,57896.27,1,Germany,Male,0,1,99.73280331202716
702,654.5564831583546,38,0.0,161888.63,1,Spain,Female,0,1,47.44351684164542
576,642.2401538325661,24,0.0,78498.04,1,France,Male,1,1,-66.24015383256608
733,657.9397890864915,40,125725.02,50783.1,2,Germany,Male,0,1,75.06021091350851
822,648.3270753809364,38,128289.7,9149.96,3,France,Male,1,0,173.67292461906356
723,645.9996323578698,30,124119.54,162198.32,1,France,Male,0,0,77.00036764213019
574,648.5880983949254,41,0.0,70550.0,2,France,Male,0,0,-74.5880983949254
521,660.0243542249541,32,136555.01,129353.21,2,France,Female,0,1,-139.0243542249541
740,643.2883178140627,44,0.0,96528.0,1,France,Male,1,1,96.71168218593732
665,655.8755828378806,44,0.0,66548.58,2,France,Female,0,1,9.124417162119357
655,648.0847097078895,27,0.0,108008.05,2,Spain,Female,0,0,6.915290292110512
799,649.2973420304743,63,110314.21,37464.0,2,France,Female,1,0,149.70265796952572
714,644.3828206089547,26,89928.99,46203.31,1,France,Female,0,0,69.61717939104528
809,649.5560657960757,41,79706.25,165675.01,2,Germany,Male,0,0,159.4439342039243
850,637.8517423194254,47,0.0,187391.02,1,France,Male,1,0,212.1482576805746
683,654.4679931713763,42,0.0,198134.9,2,France,Female,0,1,28.532006828623707
684,653.4876128895868,36,174180.39,119830.08,1,Spain,Female,0,0,30.512387110413215
714,649.5873780682821,40,0.0,62762.12,2,France,Female,0,0,64.41262193171792
712,646.7849025090269,48,0.0,183235.33,2,Spain,Female,0,0,65.21509749097311
620,653.918499029171,41,0.0,137309.06,2,France,Male,0,1,-33.918499029171016
616,649.8877824775512,29,0.0,166984.44,1,France,Male,0,1,-33.88778247755124
637,646.7940008012221,46,143500.82,166996.46,1,Germany,Female,1,0,-9.794000801222069
496,652.4754861534062,55,125292.53,31532.96,1,Germany,Female,1,1,-156.47548615340622
539,655.4277349203694,39,0.0,48189.94,2,Spain,Male,0,1,-116.4277349203694
670,660.8093296138514,42,49508.79,100324.01,3,Germany,Female,0,1,9.190670386148554
673,648.4888494768505,41,0.0,65657.29,1,France,Male,0,1,24.511150523149468
686,650.9989822760105,38,111484.88,76076.2,1,Spain,Male,0,1,35.00101772398955
606,651.5718552869934,27,130274.26,147533.09,2,Germany,Male,0,0,-45.571855286993355
850,659.6725320589222,32,141827.33,149458.73,2,Germany,Male,0,1,190.32746794107777
724,653.6273965408401,40,110054.45,86950.72,1,France,Female,0,1,70.3726034591599
813,653.8468315160803,36,98088.09,26687.22,1,Germany,Female,1,1,159.15316848391967
774,652.2433138837151,32,0.0,114899.13,2,France,Female,0,0,121.75668611628487
639,654.8162375117289,27,133806.54,6251.3,2,Spain,Female,0,0,-15.8162375117289
731,645.6408384049123,30,0.0,189528.72,2,France,Female,0,0,85.3591615950877
657,648.6946296963599,37,82500.28,115260.72,1,France,Male,0,1,8.305370303640075
495,651.8879818190001,40,140197.71,150720.39,2,France,Female,0,0,-156.88798181900006
630,653.8356696919775,50,0.0,79377.45,2,France,Male,0,1,-23.8356696919775
588,655.7432868784681,32,0.0,8763.87,2,France,Male,0,1,-67.7432868784681
562,654.1449075298524,35,142296.13,177112.7,1,Germany,Male,0,1,-92.14490752985239
794,653.3777627450283,35,0.0,68730.91,2,France,Male,0,1,140.62223725497165
714,646.6031991356588,24,0.0,166335.0,2,France,Female,0,0,67.39680086434123
608,651.1210995931895,44,126147.84,132424.69,1,Germany,Female,1,1,-43.121099593189456
558,649.9043927614211,45,153697.53,89891.4,2,France,Female,1,0,-91.90439276142115
635,649.6380243611002,35,113635.16,90883.12,1,Spain,Male,0,0,-14.638024361100179
850,655.1294789411176,32,137714.25,159403.68,1,Germany,Male,0,1,194.87052105888245
573,654.1609637561317,33,160777.9,149536.15,1,Spain,Male,0,1,-81.16096375613165
591,656.6368192338534,45,0.0,155492.87,2,France,Male,0,1,-65.63681923385343
723,648.1070680777634,21,0.0,24847.02,2,France,Male,0,0,74.89293192223658
648,659.7704774142886,44,111369.79,91947.74,2,Germany,Male,0,1,-11.77047741428862
771,654.1368393836372,41,0.0,92914.67,2,Spain,Female,0,1,116.86316061636285
712,653.1634184102625,35,124616.23,69320.97,1,France,Male,0,1,58.836581589737534
383,643.5043170274711,48,95808.19,137702.01,1,Spain,Female,1,0,-260.5043170274711
681,649.9735729296118,47,97023.21,2168.13,1,France,Male,0,1,31.026427070388195
534,651.6961090932836,53,0.0,80619.17,2,France,Female,0,1,-117.69610909328355
583,640.864997991463,40,54428.37,109638.78,1,Spain,Female,1,0,-57.86499799146304
656,658.0011737312004,75,0.0,1276.87,2,France,Female,0,1,-2.0011737312004243
588,650.8345700699056,48,143279.58,31580.8,2,Germany,Female,1,0,-62.83457006990557
667,650.9469353225213,32,103846.65,20560.69,1,Germany,Male,0,0,16.053064677478687
627,655.2564811095991,37,125190.86,84584.69,1,France,Male,0,1,-28.25648110959912
641,640.5113041179509,65,38340.02,32607.77,1,France,Male,1,0,0.4886958820491145
465,644.5911236156956,33,0.0,177668.55,2,France,Male,0,0,-179.59112361569555
817,649.7642226909786,37,81070.34,80985.88,2,France,Female,0,0,167.2357773090214
698,657.7563599829829,38,130015.24,41595.3,1,France,Male,0,1,40.24364001701713
682,649.3616916222462,35,181166.44,63737.19,1,France,Female,1,1,32.63830837775379
688,642.2459858349467,38,148045.68,175479.92,1,France,Male,1,0,45.75401416505326
710,647.9925875994529,38,0.0,96.27,2,France,Male,0,0,62.00741240054708
609,651.1561286871886,39,139443.75,9234.06,2,Spain,Male,0,0,-42.156128687188584
656,654.0921330674468,40,0.0,180553.48,2,France,Male,0,1,1.9078669325532474
592,652.933706710776,62,0.0,100941.57,1,France,Female,0,1,-60.93370671077605
432,659.7035496116472,38,135559.8,71856.3,2,Germany,Male,0,1,-227.7035496116472
597,649.4221462377724,35,0.0,73181.39,3,Spain,Male,1,1,-52.42214623777238
670,653.9258953031969,42,112333.63,65706.86,1,France,Female,0,1,16.074104696803147
602,653.3128029785979,49,191808.73,97640.2,1,France,Male,0,0,-51.312802978597915
518,655.2446834043928,27,133801.49,143315.57,1,France,Female,0,1,-137.24468340439284
520,647.9632475802892,29,95947.76,4696.44,1,France,Female,0,0,-127.96324758028925
553,646.5239984300476,31,0.0,124596.63,2,France,Male,0,0,-93.52399843004764
586,651.8856990390315,42,0.0,123410.23,2,Spain,Male,0,1,-65.88569903903146
654,651.1858131557941,29,132954.64,146715.07,1,France,Male,0,1,2.814186844205892
621,648.4831675041457,37,83061.26,9170.54,2,Spain,Female,0,0,-27.48316750414574
523,651.070608283103,61,66250.71,21859.06,1,France,Male,0,1,-128.07060828310296
616,645.5937274625738,36,0.0,12916.32,1,Spain,Female,1,1,-29.59372746257384
738,652.9955931346868,37,100565.94,128799.86,1,Spain,Female,0,1,85.00440686531317
691,647.3860638750173,29,0.0,199635.93,2,France,Female,0,0,43.61393612498273
677,655.7334852036136,43,133214.88,95936.84,2,Spain,Female,0,1,21.266514796386446
695,649.2865911741735,63,146202.93,126688.83,1,Spain,Male,1,1,45.71340882582649
706,654.157642092982,68,114386.85,28601.68,1,Spain,Male,0,1,51.84235790701803
672,649.2232863544558,34,0.0,16245.25,2,France,Female,0,1,22.77671364554419
667,641.5759514001873,42,0.0,108348.94,1,France,Male,1,1,25.42404859981275
660,657.2531661349773,31,172325.67,45438.38,1,France,Female,0,1,2.7468338650227224
682,654.2403264932507,64,0.0,103318.44,2,Spain,Female,0,1,27.759673506749323
746,650.0723680670776,25,0.0,88728.47,2,France,Male,0,1,95.9276319329224
687,654.4441296325483,26,0.0,32909.13,2,France,Female,0,1,32.55587036745169
688,648.7095507065301,46,155681.72,26287.21,1,Spain,Female,0,0,39.29044929346992
535,642.9568699639259,38,127475.24,60775.76,1,Germany,Male,1,0,-107.9568699639259
488,654.7843367597727,43,112751.13,28332.0,1,France,Male,0,1,-166.7843367597727
585,652.931076089259,44,0.0,101728.46,2,Spain,Female,0,1,-67.93107608925902
620,646.4240300865105,34,102251.57,120672.09,1,Germany,Female,0,0,-26.42403008651047
832,645.0837059728733,61,0.0,127804.66,1,France,Male,1,1,186.9162940271267
542,653.756254069727,34,108653.93,144725.14,1,Spain,Male,0,1,-111.75625406972699
760,646.1306151131184,41,0.0,101491.23,2,Spain,Female,0,0,113.86938488688156
681,656.1538501928397,32,148884.47,90967.37,2,France,Male,0,1,24.84614980716026
681,648.9843564637537,44,91115.76,24208.84,2,Germany,Female,1,0,32.01564353624633
674,654.3939314447784,36,154525.7,27468.72,1,France,Male,0,1,19.606068555221555
623,656.0249469606566,44,83325.77,80828.78,1,Spain,Male,0,1,-33.02494696065662
588,652.7294824296997,40,0.0,100727.68,2,France,Male,0,0,-64.72948242969971
562,642.6095664976242,38,0.0,115700.2,1,France,Male,0,0,-80.6095664976242
709,647.9975297839607,39,0.0,56214.09,2,France,Male,0,0,61.00247021603934
684,642.9683722976906,60,116563.58,120257.7,1,France,Male,1,0,41.03162770230938
850,659.3781789034688,41,136416.82,57844.26,1,France,Male,0,1,190.62182109653122
547,655.3985128235994,43,92350.36,80262.91,1,France,Male,0,1,-108.39851282359939
607,650.3156616068386,62,108004.64,23386.77,1,Spain,Female,1,1,-43.3156616068386
609,653.9843858135723,37,129312.79,26793.82,1,Spain,Male,0,1,-44.98438581357232
669,642.3492261115208,51,88827.53,85250.77,1,Spain,Male,1,0,26.650773888479193
758,657.4543669528584,33,129142.54,26606.28,2,Germany,Male,0,1,100.54563304714156
631,660.5462293608587,22,139129.92,63747.51,1,Germany,Female,0,1,-29.54622936085866
481,651.8744266348916,34,0.0,125253.46,2,France,Female,0,1,-170.87442663489162
594,636.3698713629346,56,0.0,26215.85,1,France,Female,1,0,-42.369871362934646
721,650.9962396372994,38,0.0,53534.8,1,Spain,Male,0,1,70.00376036270063
735,649.6844630784467,53,123845.36,170454.93,2,France,Female,1,1,85.3155369215533
632,644.7953505580917,43,100013.51,24275.32,1,France,Male,0,0,-12.79535055809174
598,638.9102435020535,40,0.0,68462.59,1,France,Female,1,0,-40.910243502053504
474,648.068442863069,26,0.0,152491.22,2,France,Male,0,0,-174.06844286306898
552,659.3251775691713,38,132271.12,46562.02,2,Germany,Male,0,1,-107.32517756917127
727,655.7192689117851,31,52192.08,160383.47,2,France,Female,0,1,71.2807310882149
587,643.2827363280732,42,0.0,123006.91,1,France,Male,0,0,-56.282736328073156
511,646.5906925143231,30,0.0,143994.86,2,France,Female,0,0,-135.5906925143231
788,649.0871266176184,32,112079.58,89368.59,1,France,Male,0,0,138.91287338238158
658,648.5355309182379,38,102895.1,155665.76,1,France,Female,0,0,9.464469081762104
633,651.0112650371411,39,0.0,191207.03,2,Spain,Female,0,0,-18.01126503714113
674,644.6042944241823,31,0.0,128954.05,1,France,Female,0,0,29.395705575817715
698,651.5367314892119,36,0.0,19231.98,2,France,Male,0,1,46.46326851078811
508,650.4595616372122,54,0.0,175749.36,1,Spain,Male,0,1,-142.45956163721223
738,654.5391553831321,39,94435.45,189430.86,2,France,Female,0,1,83.46084461686792
706,653.1543603931356,39,112889.91,6723.66,1,Germany,Female,0,1,52.84563960686444
826,655.0476787880232,30,0.0,157397.57,2,France,Female,0,1,170.95232121197682
656,648.855250257164,46,141535.52,50595.15,1,Germany,Female,1,0,7.144749742835984
716,653.6234729176025,40,0.0,167636.15,2,France,Female,0,1,62.3765270823975
590,646.7542252484513,29,0.0,51907.72,1,Spain,Male,1,1,-56.75422524845135
798,652.5981891349387,38,129055.13,157147.59,1,Germany,Female,0,0,145.4018108650613
796,659.4256924577231,32,102773.15,117832.88,2,Spain,Male,0,1,136.57430754227687
850,654.0394083805705,40,104449.8,747.88,1,Germany,Female,0,1,195.96059161942947
526,652.4272545421167,28,112070.44,126281.83,1,France,Male,0,1,-126.42725454211666
805,647.6899288937507,37,0.0,21928.81,2,Spain,Male,0,0,157.31007110624932
704,655.5208664550992,40,95452.89,179964.55,1,France,Female,0,1,48.47913354490083
586,646.5706695154371,41,63873.56,83753.64,1,Spain,Male,0,0,-60.57066951543709
705,652.9762521465761,33,68423.89,64872.55,1,Spain,Male,0,1,52.023747853423856
630,646.9681774114439,25,79656.81,93524.22,1,Germany,Female,0,0,-16.96817741144389
573,657.5961226065185,32,125321.84,130234.63,2,France,Female,0,1,-84.59612260651852
644,649.0612413885361,28,0.0,119419.37,2,Spain,Male,0,0,-5.061241388536132
701,646.2001615424118,41,0.0,47856.78,1,France,Female,0,0,54.79983845758818
529,648.9686610060916,31,0.0,26817.23,2,France,Female,0,0,-119.96866100609157
759,645.9788029027775,38,0.0,20778.39,2,Spain,Male,0,0,113.02119709722251
615,658.5258147561578,59,155766.05,110275.17,1,Spain,Male,0,1,-43.52581475615784
698,651.8866737809958,27,125427.37,27654.44,2,Spain,Male,0,0,46.11332621900419
740,664.3429586472042,40,122295.17,30812.84,2,Germany,Female,0,1,75.65704135279577
617,649.0426011225403,34,61687.33,105965.25,2,France,Male,0,0,-32.042601122540304
684,655.8762932484726,46,0.0,36376.97,2,France,Male,0,1,28.12370675152738
452,650.0004052936303,52,98443.14,92033.98,2,Germany,Male,0,0,-198.00040529363025
633,649.1886575094393,47,0.0,6342.84,1,France,Female,1,1,-16.18865750943928
742,652.2089683774225,31,105239.1,19700.24,1,France,Male,0,1,89.79103162257752
668,644.7351949536541,56,110993.79,134396.64,1,Germany,Male,1,0,23.26480504634594
707,653.6030489193967,44,0.0,135077.01,2,Spain,Male,0,1,53.396951080603344
502,642.834172960813,45,0.0,84663.21,1,France,Male,0,0,-140.83417296081302
625,649.5425587121057,52,121161.57,48988.28,1,Spain,Male,0,0,-24.542558712105688
628,656.7635297325261,45,0.0,96862.56,2,France,Male,0,1,-28.76352973252608
548,654.4762068062724,41,82596.8,55672.09,1,France,Female,0,1,-106.47620680627244
526,648.4163052976165,52,93590.47,21228.71,1,France,Male,1,1,-122.41630529761653
519,648.7309466283424,38,114141.64,60988.21,1,Germany,Male,1,1,-129.7309466283424
561,641.7120429477775,27,135637.0,153080.4,1,France,Female,1,0,-80.71204294777749
570,653.5513747108636,57,86568.75,103660.31,1,Germany,Female,0,1,-83.55137471086357
596,650.6082366904446,36,0.0,125557.95,2,Spain,Male,0,1,-54.60823669044464
679,647.7212677518644,48,0.0,23344.94,2,France,Male,0,0,31.27873224813561
619,640.322303403115,44,116967.68,5075.17,1,France,Male,1,0,-21.32230340311503
759,650.6758067349954,33,0.0,56583.88,2,France,Female,0,0,108.32419326500462
652,640.6961983527101,51,0.0,173989.47,1,France,Female,1,0,11.303801647289902
477,643.9651161305882,47,144900.58,61315.37,1,France,Male,1,0,-166.96511613058817
508,653.6537854311161,64,0.0,6076.62,1,France,Female,0,1,-145.65378543111615
488,654.9277842367644,28,139246.22,106799.49,2,Germany,Female,0,0,-166.9277842367644
579,653.4674398251842,26,162482.76,18458.2,1,France,Female,0,1,-74.46743982518421
568,654.1871420298173,43,87612.64,107155.4,4,Germany,Male,1,1,-86.18714202981732
709,647.6279725995025,37,0.0,16733.59,2,France,Female,0,0,61.37202740049747
611,649.7058290781906,53,83568.26,1235.49,1,France,Male,0,0,-38.70582907819062
618,645.8855277045039,37,0.0,178705.45,1,France,Male,1,1,-27.885527704503943
551,647.9043546348483,43,0.0,178393.68,2,France,Male,0,0,-96.90435463484835
573,652.6620545667963,31,134644.19,70381.49,1,Germany,Male,0,1,-79.66205456679631
497,641.8335389761183,29,85646.81,63233.02,1,France,Female,1,0,-144.83353897611835
690,639.2839794240476,40,77641.99,189051.59,1,France,Female,1,0,50.71602057595237
513,653.9507999767814,45,164649.52,49915.52,3,France,Female,1,0,-140.95079997678135
777,643.5162082124075,36,0.0,106472.34,1,France,Male,0,0,133.4837917875925
558,652.2167949106765,27,152283.39,183271.15,1,France,Male,0,0,-94.21679491067653
775,661.1660729431862,33,118897.1,26362.4,2,Germany,Female,0,1,113.83392705681376
608,652.369380268342,33,102772.67,70705.58,2,Germany,Male,0,0,-44.369380268341956
395,651.7004509524589,34,106011.59,17376.57,1,Germany,Female,1,1,-256.70045095245894
578,651.0993322422637,37,135650.88,199428.19,1,Germany,Male,0,0,-73.0993322422637
547,653.0184645466558,55,111362.76,16922.28,3,Germany,Male,1,0,-106.01846454665576
604,651.8217715720419,34,0.0,38587.7,2,Spain,Female,0,0,-47.82177157204194
850,643.7136624049418,31,0.0,152298.28,2,France,Male,0,0,206.28633759505817
726,653.4066729147378,37,132057.92,34743.98,2,France,Male,0,0,72.59332708526222
689,648.7905539678778,40,160272.27,49656.24,1,France,Male,0,0,40.20944603212217
535,656.893210066056,50,140292.58,69531.22,3,Spain,Female,1,0,-121.89321006605599
642,651.7160665190659,19,113905.48,176137.2,1,Germany,Female,0,1,-9.716066519065862
550,650.4295057806518,34,122359.5,116495.55,1,France,Male,0,0,-100.42950578065177
729,650.0414132919179,28,0.0,31165.06,2,Spain,Female,1,1,78.95858670808207
667,657.2130457023392,36,121542.57,186841.71,2,Spain,Female,0,1,9.786954297660827
744,644.7074165355491,39,0.0,10662.58,1,France,Female,0,0,99.2925834644509
629,655.7560601139949,35,112330.83,91001.02,1,Germany,Male,0,1,-26.756060113994863
507,650.5111350726573,35,0.0,92131.54,2,France,Female,0,0,-143.51113507265734
644,648.5848418325455,24,92760.55,35896.75,1,France,Female,0,0,-4.584841832545521
581,648.3830418332183,37,104255.03,86609.37,1,France,Female,0,0,-67.38304183321827
627,639.9782891954505,55,0.0,91943.94,1,Spain,Female,1,0,-12.978289195450543
491,654.9893869886445,68,107571.61,113695.99,1,France,Female,0,1,-163.98938698864447
646,652.0507383855011,38,0.0,178752.73,2,France,Female,0,0,-6.050738385501063
602,652.6515300587639,34,0.0,77414.45,2,France,Male,0,1,-50.65153005876391
597,657.330984586456,67,0.0,108645.85,2,France,Male,0,1,-60.330984586456
503,654.5036422603489,38,0.0,95153.24,2,France,Male,0,1,-151.5036422603489
621,647.5749499949288,40,0.0,131283.6,2,Spain,Female,1,1,-26.57494999492883
605,652.0220395671641,30,135422.31,186418.85,1,France,Female,0,1,-47.02203956716414
611,652.4676890951424,28,96381.68,181419.29,2,Spain,Female,0,0,-41.46768909514242
684,658.6936425323528,44,133776.86,49865.04,2,Germany,Female,0,1,25.306357467647217
556,647.6159228515659,46,0.0,109184.24,2,France,Female,0,0,-91.61592285156587
729,648.5621250636801,44,107726.93,153064.87,2,Spain,Male,0,0,80.43787493631987
683,652.8578813688148,33,0.0,38784.42,2,France,Female,0,1,30.142118631185213
672,649.2188890462702,21,35741.69,28789.94,1,Germany,Female,0,0,22.781110953729808
602,648.1486001744503,53,98268.84,45038.29,1,Germany,Female,1,1,-46.14860017445028
790,654.0530218098708,37,0.0,119484.01,2,Spain,Male,0,1,135.94697819012924
753,657.4071666754919,92,121513.31,195563.99,1,France,Male,0,1,95.59283332450809
693,651.4181642686633,37,95900.04,38196.24,1,Germany,Female,0,1,41.581835731336696
538,646.2242982177435,43,0.0,126933.73,2,Spain,Male,0,0,-108.22429821774347
606,643.4151027481963,31,0.0,195209.4,2,France,Male,0,0,-37.41510274819632
615,651.4395634047814,51,81818.49,169149.38,1,Spain,Male,0,1,-36.43956340478144
710,652.0680037676567,36,116085.06,58601.61,1,France,Female,0,0,57.931996232343295
730,653.2439340282152,26,0.0,185808.7,2,Spain,Male,0,1,76.75606597178478
767,655.3935969691601,35,115576.44,27922.45,1,France,Female,0,1,111.60640303083994
850,647.4547902690115,40,0.0,35034.15,2,France,Female,0,0,202.54520973098852
497,645.0371762960349,41,80542.81,88729.22,1,Germany,Male,1,0,-148.0371762960349
606,650.3178964113415,39,136000.45,31708.53,2,Germany,Male,0,0,-44.31789641134151
619,653.759403315469,41,147974.16,170518.83,2,Germany,Male,0,0,-34.759403315468944
550,646.2146107063677,44,0.0,26257.01,2,France,Male,0,0,-96.2146107063677
595,645.1894339558752,44,96553.52,143952.24,2,Germany,Female,1,0,-50.18943395587519
582,649.2331935666876,43,153313.67,170563.73,1,France,Female,0,0,-67.23319356668765
628,648.5288037778164,50,143054.56,109608.81,1,France,Female,1,1,-20.528803777816393
563,646.070324417606,26,0.0,6139.74,2,Spain,Male,0,0,-83.070324417606
836,651.6314271678705,37,0.0,111324.41,2,Spain,Female,0,0,184.36857283212953
511,655.1330988933412,75,105609.17,105425.18,1,Germany,Female,0,1,-144.13309889334118
652,654.5953055013689,36,112518.71,110421.31,2,France,Female,0,1,-2.595305501368898
546,653.0246985987839,34,165363.31,25744.13,2,France,Male,1,1,-107.02469859878386
748,652.8109876865273,35,105492.53,150057.2,1,Spain,Male,0,1,95.18901231347274
591,656.3786185288666,35,183027.25,56028.79,1,France,Male,0,1,-65.37861852886658
709,654.3881579773206,45,104118.5,174032.0,1,France,Female,0,1,54.61184202267941
637,650.8541038611688,39,109698.41,88391.29,1,Germany,Female,1,1,-13.854103861168824
533,655.0275324903864,38,70362.52,104189.46,2,Germany,Male,0,1,-122.02753249038642
663,650.1642238327786,33,0.0,153295.0,2,France,Female,0,0,12.835776167221411
647,656.1023869035431,35,192407.97,40145.28,1,Germany,Male,0,1,-9.102386903543106
823,650.2736562990397,37,164858.18,173516.71,1,France,Male,0,1,172.72634370096034
727,653.1544723100009,21,153344.72,163295.87,1,Germany,Male,0,1,73.84552768999913
498,655.5921868718673,45,109200.74,165990.44,2,Germany,Male,0,1,-157.59218687186728
685,652.6278070451857,33,0.0,186785.01,2,France,Female,0,1,32.372192954814295
655,655.6986833859919,30,83173.98,184259.6,2,Germany,Female,0,1,-0.6986833859918988
747,639.806257407577,40,0.0,57817.84,1,France,Female,1,0,107.19374259242295
601,645.5373471865211,24,0.0,144660.42,2,Spain,Male,0,0,-44.53734718652106
774,651.9181608640739,47,94722.88,61450.96,1,France,Female,0,1,122.08183913592609
771,647.0970746359774,33,0.0,8673.43,2,Spain,Female,0,0,123.90292536402262
673,647.6081344162604,41,98612.1,151349.35,1,Germany,Female,0,0,25.39186558373956
422,654.7926621767558,54,140014.42,86350.97,1,France,Male,0,1,-232.7926621767558
732,644.4674127898708,36,0.0,161428.25,2,France,Male,0,0,87.53258721012924
565,654.7886125552591,46,135369.71,140130.22,1,France,Male,0,1,-89.78861255525908
596,655.3941501533927,57,0.0,72402.0,2,Spain,Male,0,1,-59.39415015339273
480,654.9853248236451,42,152160.21,101778.9,2,France,Female,0,0,-174.9853248236451
666,653.5131453669767,59,0.0,185123.09,2,France,Female,0,1,12.486854633023313
758,651.2927656414988,41,79857.64,78088.17,1,Germany,Male,0,1,106.70723435850118
827,647.0978123561113,38,0.0,103305.01,2,France,Male,0,0,179.90218764388874
703,654.1869200472889,42,0.0,72500.68,2,France,Female,0,1,48.813079952711064
729,648.3955690576248,36,109106.8,121311.12,1,France,Female,0,0,80.60443094237519
472,656.1657252726479,32,159397.75,57323.18,1,Spain,Female,0,1,-184.16572527264793
470,653.0259685889548,30,125385.01,68293.93,1,Spain,Male,0,0,-183.0259685889548
795,656.3232948387869,38,125903.22,127068.92,2,Germany,Male,0,1,138.67670516121314
662,651.7787087312413,39,138106.75,19596.73,1,France,Female,0,0,10.221291268758705
646,651.1903087513981,33,0.0,198208.0,2,France,Female,0,0,-5.190308751398106
709,653.0956117219806,41,150300.65,71672.86,2,France,Female,0,0,55.90438827801938
436,651.6938103331099,45,104339.11,183540.22,2,Germany,Male,1,1,-215.69381033310992
663,662.0547065359285,33,157274.36,28531.81,2,France,Male,0,1,0.945293464071483
825,652.7316200236559,36,146053.66,138344.7,1,France,Female,0,1,172.26837997634414
699,659.3414227765332,51,92246.14,91346.03,2,Germany,Female,0,1,39.65857722346675
842,647.4469017258114,37,132446.08,87071.18,2,France,Female,1,0,194.55309827418864
670,660.6047054705834,40,147171.2,69850.04,1,Germany,Female,0,1,9.39529452941656
555,644.8155175311196,51,138214.5,198715.27,1,Germany,Female,1,0,-89.81551753111955
541,648.3253727892103,34,128743.55,134851.12,1,France,Male,0,0,-107.32537278921029
693,654.2763072572005,28,145118.83,77742.38,1,Spain,Male,0,1,38.72369274279947
662,650.9906994873594,38,96479.81,120259.41,1,France,Female,0,0,11.009300512640607
539,651.8282753794763,39,0.0,86767.48,2,France,Male,0,1,-112.82827537947628
535,639.6851602831068,38,119272.29,195896.59,1,France,Male,1,0,-104.68516028310682
728,654.9215379966978,32,127772.1,152643.48,2,Germany,Female,0,1,73.0784620033022
606,654.5193219284905,34,161572.24,191076.22,1,Spain,Male,0,1,-48.51932192849051
577,652.371573848639,48,179852.26,193580.32,1,Spain,Male,0,0,-75.37157384863895
693,654.3334906008869,46,104763.41,62368.33,1,Germany,Male,0,1,38.666509399113124
692,651.8601552191358,30,0.0,18826.34,2,France,Female,0,1,40.13984478086422
779,650.9454265961302,42,0.0,25951.91,2,France,Female,0,0,128.05457340386977
481,650.1666618544382,44,163714.52,96123.72,1,Germany,Male,0,0,-169.1666618544382
469,652.5906974039123,52,139493.25,150093.32,3,Germany,Female,1,0,-183.59069740391226
703,659.5505559372447,50,160139.59,79314.1,2,France,Male,0,1,43.44944406275533
664,643.317749035567,40,0.0,194767.3,2,France,Male,0,0,20.682250964433024
546,651.7181533669134,52,106074.89,23548.45,1,Germany,Female,1,1,-105.71815336691338
727,650.8600581828334,45,114422.85,104678.78,2,Germany,Male,1,1,76.13994181716657
586,640.275102320065,33,0.0,6975.02,1,France,Male,0,0,-54.275102320065
656,655.5643074887832,32,104254.27,17034.37,1,Spain,Female,0,1,0.43569251121675734
462,653.4139470552215,39,140133.08,131304.45,2,France,Male,0,0,-191.41394705522146
798,651.070714221847,28,0.0,2305.27,2,France,Male,0,0,146.92928577815303
610,659.5950565306654,57,72092.95,113228.82,4,France,Female,1,1,-49.595056530665374
691,646.7394431320913,30,0.0,49594.02,1,France,Male,0,0,44.26055686790869
639,646.0196260916041,35,0.0,170483.9,2,France,Male,0,0,-7.019626091604096
698,655.5967860400087,27,94920.71,40339.9,1,France,Female,0,1,42.40321395999126
733,655.5969576913222,45,113939.36,3218.71,2,Germany,Male,0,0,77.40304230867775
850,649.9082858107371,19,0.0,68569.89,1,France,Male,0,1,200.09171418926292
610,647.0956880539136,49,113882.33,195813.81,1,Germany,Male,1,0,-37.09568805391359
687,658.6180995170871,35,110752.15,47921.22,2,France,Female,0,1,28.381900482912897
519,645.4185500827406,34,0.0,68479.6,1,France,Male,0,0,-126.41855008274058
666,648.8862569393962,43,0.0,29346.1,2,Spain,Male,0,0,17.113743060603838
751,650.07788636992,30,165257.2,134822.05,1,France,Male,0,0,100.92211363008005
670,651.7692074315407,33,0.0,86413.11,2,France,Male,0,1,18.230792568459265
501,646.1596167143318,25,104013.79,114774.35,1,Germany,Male,0,0,-145.15961671433183
574,654.7568807893414,35,163856.76,15118.2,1,Germany,Male,0,1,-80.75688078934138
738,648.4623739797157,35,127290.61,16081.62,1,Spain,Male,0,0,89.53762602028428
617,653.8338466280165,46,106521.49,86587.37,1,Spain,Female,0,1,-36.833846628016545
576,655.6767688637387,55,44582.07,67539.85,3,France,Female,1,1,-79.67676886373874
584,652.8883425948377,30,0.0,185201.58,2,Spain,Female,0,1,-68.8883425948377
554,651.0036035671438,44,135814.7,115091.38,2,France,Female,0,0,-97.00360356714384
595,644.1705558632445,52,0.0,106340.66,1,France,Male,1,1,-49.170555863244545
706,652.0643298772764,35,0.0,81718.37,2,France,Male,0,1,53.93567012272365
588,644.357363424144,44,154409.74,49324.03,1,France,Male,1,0,-56.357363424143955
532,656.8251971968547,60,76705.87,13889.73,2,France,Male,0,1,-124.82519719685467
764,657.3769831403697,44,0.0,11467.38,2,France,Female,0,1,106.6230168596303
633,655.1948686879632,32,104001.38,36642.65,1,France,Female,0,1,-22.194868687963208
521,646.846406647923,27,121325.84,164223.7,1,France,Male,1,1,-125.846406647923
670,657.2036126831442,50,138340.06,3159.15,1,France,Female,0,1,12.796387316855771
850,655.386299188178,44,0.0,183617.32,2,Spain,Male,0,1,194.613700811822
463,655.2372609845607,35,0.0,1950.93,2,Spain,Female,0,1,-192.23726098456075
524,654.3266119760918,29,144287.6,32063.3,2,Germany,Male,0,0,-130.32661197609184
574,645.947518189735,33,100267.03,103006.27,1,France,Male,0,0,-71.94751818973498
651,647.2542767544314,45,0.0,193009.21,2,Spain,Male,0,0,3.74572324556857
465,644.0623364703896,53,117438.17,74898.8,1,Germany,Male,1,0,-179.0623364703896
544,651.2048482682162,44,0.0,69244.24,2,France,Male,0,0,-107.20484826821621
850,655.4386172693567,36,0.0,190194.95,2,France,Female,0,1,194.56138273064334
605,653.8278855225949,32,0.0,42135.28,2,France,Female,0,1,-48.8278855225949
725,649.377826848135,31,0.0,59650.42,2,France,Male,0,1,75.62217315186501
818,661.3463707307545,72,135290.42,63729.72,2,Germany,Female,0,1,156.65362926924547
712,649.0402517763893,32,0.0,1703.58,2,France,Female,0,0,62.959748223610745
603,651.1529265857833,35,145623.36,163181.62,1,Germany,Female,0,0,-48.15292658578335
729,652.3849258528446,42,0.0,149535.97,2,Spain,Female,0,1,76.61507414715538
686,649.8891581866827,37,134560.62,27596.39,1,France,Male,0,0,36.11084181331728
556,646.4853858248235,54,150005.38,157015.5,1,France,Female,1,0,-90.48538582482354
606,645.5881470299329,41,132670.53,156476.36,1,Germany,Female,1,0,-39.588147029932884
753,642.0620535230295,38,117314.92,122021.33,1,Germany,Female,1,0,110.93794647697052
559,643.4473168111068,38,145874.35,56311.39,1,Spain,Male,1,0,-84.44731681110682
650,644.7354983496159,24,108881.73,104492.83,1,Spain,Male,0,0,5.264501650384091
711,654.753896082826,45,97486.15,50610.62,2,Germany,Female,0,0,56.24610391717397
679,656.5848860789346,28,0.0,61761.77,2,Spain,Female,0,1,22.415113921065426
715,650.0405663288234,32,175307.32,187051.23,1,France,Male,0,0,64.95943367117661
722,656.7617725248576,38,0.0,167984.72,2,France,Female,0,1,65.23822747514237
599,650.5979561862105,33,51949.95,85045.92,2,Germany,Male,0,0,-51.59795618621047
707,647.8272385487041,48,88441.64,119903.2,1,Spain,Male,1,1,59.172761451295855
826,636.8101794083464,49,0.0,178709.98,1,France,Female,1,0,189.18982059165364
630,653.2868390533362,28,106425.75,20344.84,1,Germany,Female,0,1,-23.286839053336166
749,651.069645216797,41,57568.94,61128.29,1,France,Male,0,1,97.93035478320303
442,645.2641799785945,34,0.0,68343.08,2,France,Male,0,0,-203.26417997859448
690,651.207260768182,36,110480.48,81292.33,1,France,Female,0,0,38.79273923181802
607,647.138475214186,34,132439.99,177747.72,1,Spain,Male,0,0,-40.13847521418597
676,648.2035120390915,29,131959.86,189268.81,1,France,Male,0,0,27.796487960908507
684,655.9502749259647,38,105069.98,198355.28,2,France,Male,0,1,28.049725074035337
794,652.488529910029,30,0.0,24113.91,2,France,Male,0,1,141.511470089971
647,656.7986879465026,40,0.0,92357.21,2,France,Female,0,1,-9.798687946502582
707,649.3240642980373,42,0.0,152944.39,2,France,Female,0,1,57.67593570196266
524,651.0308682714706,28,93577.3,51670.82,1,France,Male,0,1,-127.03086827147058
689,653.3385109140938,30,136650.89,41865.72,1,Germany,Female,1,1,35.66148908590617
679,650.1475678280583,41,147726.98,172749.4,3,France,Male,1,0,28.8524321719417
679,650.9933878435256,30,77949.69,121151.46,1,Germany,Female,0,1,28.006612156474375
600,645.6980698550582,32,98877.95,132973.21,1,France,Female,0,0,-45.69806985505818
485,649.7181730857252,37,0.0,170226.47,2,France,Male,0,1,-164.7181730857252
605,648.6332767320412,57,0.0,66652.75,3,Spain,Female,1,0,-43.63327673204117
563,646.6699068345916,32,148326.09,191604.27,1,France,Female,1,0,-83.66990683459164
653,658.63350480668,74,121276.32,160348.31,1,France,Female,0,1,-5.63350480667998
756,660.9138544013781,32,109528.16,56176.31,2,Germany,Male,0,1,95.0861455986219
667,652.6648427118134,31,99513.91,189657.26,1,France,Male,0,1,14.335157288186565
644,654.0524401045336,32,136659.74,14187.78,1,Spain,Male,0,1,-10.052440104533616
571,645.4895794785189,30,85755.86,145115.95,1,France,Female,0,0,-74.48957947851886
653,655.8003327838636,31,154741.45,25183.01,2,Germany,Male,0,0,-2.8003327838636096
663,652.622242689919,37,155303.71,118716.63,1,Germany,Female,0,0,10.377757310081051
613,659.5044820263503,43,140681.68,20134.07,1,Germany,Female,0,1,-46.504482026350274
669,652.5895059110699,45,123949.75,110881.56,1,Germany,Male,0,0,16.410494088930136
687,653.8027134866142,28,108116.66,27411.19,1,France,Male,0,1,33.19728651338585
663,651.9856437140262,53,150200.23,151317.27,1,Spain,Female,1,1,11.014356285973804
627,650.1265501897251,41,0.0,138700.75,3,France,Female,1,1,-23.126550189725094
707,657.0696147194657,37,0.0,6035.51,2,France,Male,0,1,49.930385280534324
629,654.2595639258069,43,0.0,41263.69,2,France,Female,0,1,-25.2595639258069
687,655.370278090724,36,97157.96,63185.05,1,France,Female,0,1,31.629721909275986
502,658.328354661475,33,125241.17,158736.07,2,Germany,Female,0,1,-156.32835466147503
793,642.0065130960805,54,128966.13,18633.4,1,Germany,Male,1,0,150.99348690391946
727,644.9807177013236,59,152581.06,71830.1,1,Germany,Male,1,0,82.01928229867644
474,657.3503294213755,37,142688.57,110953.33,2,Germany,Female,0,1,-183.35032942137548
650,644.3398277487687,42,194532.66,171045.31,1,Spain,Male,1,0,5.660172251231302
850,647.6680929955074,56,169743.83,155850.4,1,Germany,Male,1,0,202.33190700449256
708,649.3739980595511,54,145151.4,125311.17,1,Germany,Female,1,1,58.62600194044887
669,655.8142463102716,25,157228.61,124382.9,2,Spain,Male,0,0,13.185753689728358
654,647.7631721136513,34,0.0,159311.46,2,Spain,Male,0,0,6.236827886348692
733,648.2099187534731,30,102452.71,21556.95,1,Germany,Female,0,0,84.79008124652694
568,650.031929810435,36,153610.61,54083.8,1,Spain,Female,1,1,-82.03192981043503
647,648.7653954381708,28,149594.02,102325.19,2,Spain,Male,0,0,-1.765395438170799
667,645.3902503263121,34,0.0,163830.64,2,Spain,Female,0,0,21.60974967368793
599,651.9793427404177,28,119706.22,31190.42,1,France,Male,0,0,-52.97934274041768
519,649.3687947054487,22,0.0,167553.06,1,France,Female,0,1,-130.36879470544875
715,655.4494998609708,35,141005.47,60407.93,1,France,Male,0,1,59.55050013902917
626,647.1667636314746,23,85897.95,109742.8,1,Germany,Female,0,0,-21.166763631474623
677,648.2363329638894,36,0.0,7824.31,2,France,Male,0,0,28.763667036110633
699,655.6203434900821,36,123601.56,103557.85,2,Germany,Male,0,0,43.379656509917936
503,656.0660106916924,32,100262.88,157921.25,2,Spain,Male,0,1,-153.06601069169244
610,649.4109254690803,50,130554.51,184758.17,3,Spain,Female,1,0,-39.410925469080325
528,650.9070855703884,32,85615.66,156192.43,2,France,Female,0,0,-122.9070855703884
721,650.6712374903133,54,0.0,4493.12,2,France,Male,0,1,70.32876250968673
698,659.5158423844574,37,166178.02,71972.95,2,France,Female,0,1,38.484157615542586
778,659.1872310624019,35,151958.19,131238.37,3,Germany,Female,1,1,118.8127689375981
550,650.8382246192978,33,118400.91,13999.64,1,Germany,Male,1,1,-100.83822461929776
728,649.5563733636878,43,0.0,120088.17,1,Spain,Female,0,1,78.44362663631216
658,654.2284692642074,55,119327.93,119439.66,1,Germany,Female,0,1,3.7715307357925667
567,650.6307589084666,35,153137.74,88659.07,1,Spain,Male,0,0,-83.63075890846665
795,654.6258485142446,36,151844.64,135388.89,1,France,Female,0,1,140.37415148575542
609,647.0636442036703,71,113317.1,108258.22,1,Germany,Female,1,0,-38.063644203670265
798,653.6685611543909,36,0.0,159044.1,2,France,Male,0,1,144.3314388456091
757,647.9695136620364,38,0.0,83263.06,1,France,Male,0,0,109.03048633796357
641,655.4108262741823,50,153590.73,130910.78,2,France,Male,0,1,-14.410826274182341
500,658.4476712710522,30,125495.64,68807.47,2,Germany,Male,0,1,-158.44767127105217
595,654.1187156055023,26,118547.72,151192.18,1,Germany,Female,0,1,-59.1187156055023
660,654.8202042180276,40,167181.01,185156.94,1,France,Female,0,1,5.179795781972416
676,647.7548912393123,35,0.0,139911.58,2,Spain,Male,0,0,28.245108760687685
611,648.6955047313695,36,103294.56,160548.12,1,Germany,Female,0,0,-37.69550473136951
655,649.0050421077557,38,0.0,188639.28,1,France,Female,0,1,5.994957892244315
507,654.5629030628253,34,0.0,60688.38,2,Spain,Female,0,1,-147.56290306282528
697,646.9764138544665,42,0.0,61312.15,2,France,Female,0,0,50.0235861455335
719,646.8570630030106,35,0.0,165162.4,1,Spain,Female,0,1,72.14293699698942
426,647.3005004551568,34,0.0,107876.91,2,France,Male,0,0,-221.3005004551568
512,656.3571608478052,51,144953.31,165035.17,1,France,Male,0,1,-144.35716084780518
586,657.3377894857831,37,167735.69,104665.79,2,Germany,Male,0,1,-71.3377894857831
601,652.1241981997196,40,127847.86,173245.68,1,France,Male,0,0,-51.12419819971956
708,658.9651029439417,42,176702.36,104804.74,2,Germany,Male,0,1,49.0348970560583
490,647.2474855943287,40,0.0,49594.19,1,France,Female,1,1,-157.24748559432874
828,650.864431622779,42,0.0,186071.14,1,Spain,Male,0,1,177.13556837722103
794,656.3246458788511,30,154970.54,156768.45,1,Spain,Female,0,1,137.67535412114887
430,641.0578613292945,60,73937.02,161937.62,1,France,Female,1,0,-211.0578613292945
683,658.2800735290892,30,113257.2,65035.02,1,Spain,Male,0,1,24.719926470910764
762,652.3068545089629,36,119547.46,42693.65,1,France,Male,0,1,109.69314549103706
661,647.3656529981281,39,0.0,181461.46,2,France,Male,0,0,13.634347001871902
598,654.758973286013,19,150348.37,173784.04,1,Germany,Male,0,1,-56.758973286012974
520,664.043822076982,23,116022.53,37577.66,2,Germany,Female,0,1,-144.043822076982
797,653.7840504763648,31,0.0,24748.89,2,France,Male,0,1,143.21594952363523
675,642.279765037324,28,0.0,134110.93,1,France,Male,0,0,32.720234962676045
768,650.7714636756784,25,78396.08,8316.19,1,France,Male,0,1,117.22853632432157
610,651.4819280048914,31,0.0,63736.36,2,Spain,Female,0,0,-41.481928004891415
715,654.5210858059868,31,110581.29,94715.24,1,France,Female,0,1,60.478914194013214
535,643.5475290556162,30,122924.75,62390.59,1,Spain,Female,1,0,-108.54752905561622
612,651.9148785923238,44,115163.38,97677.52,1,Germany,Male,1,1,-39.91487859232382
797,649.0391205105751,29,0.0,149991.32,1,France,Male,0,1,147.96087948942488
405,637.3901428355034,39,0.0,160810.85,1,France,Male,1,0,-232.3901428355034
750,646.5917607122205,37,113817.06,88333.74,1,Spain,Female,0,0,103.40823928777945
647,652.1049148332145,32,80958.36,128590.73,1,Spain,Male,0,1,-5.10491483321448
569,650.6396929354091,31,115406.97,145528.22,1,Spain,Male,0,0,-81.63969293540913
601,648.286808336996,41,0.0,54342.83,2,Spain,Female,0,0,-47.286808336996046
848,651.5135249511371,35,120046.74,84710.65,2,Spain,Male,0,0,196.48647504886287
486,654.5106986287554,39,97819.36,120531.31,1,France,Female,0,1,-168.51069862875545
684,655.1768455167909,32,100249.41,67599.69,2,France,Male,0,1,28.823154483209123
482,652.481277609271,35,147813.05,109029.72,2,France,Female,0,0,-170.48127760927105
681,657.2194628120379,63,0.0,55054.48,2,France,Female,0,1,23.780537187962068
616,646.5306192662867,31,0.0,76456.17,1,France,Female,0,1,-30.53061926628675
724,647.6837704985778,41,0.0,115753.94,1,Spain,Male,0,1,76.31622950142219
739,653.5367388892589,36,0.0,133465.57,2,France,Female,0,0,85.46326111074109
550,650.9269489240208,25,0.0,184221.11,2,France,Male,0,1,-100.92694892402085
621,654.534553196076,36,116338.68,155743.48,1,Spain,Female,0,1,-33.53455319607599
614,649.9784899559211,36,44054.84,73329.08,1,Spain,Female,0,1,-35.97848995592108
792,646.6602585499843,50,146710.76,16528.4,1,Germany,Female,1,0,145.3397414500157
636,648.6075986668815,67,136709.35,66753.1,1,Germany,Male,1,1,-12.607598666881472
628,647.2972505854865,40,0.0,103832.58,2,Spain,Male,0,0,-19.297250585486495
583,653.551486057369,22,0.0,5985.36,2,Spain,Female,0,1,-70.55148605736895
705,647.24943801059,34,117715.84,2498.67,1,France,Male,0,0,57.750561989410016
585,654.2189632290689,54,87105.32,55346.14,1,France,Male,0,1,-69.21896322906889
606,649.7434940978142,38,99897.53,37054.65,1,Germany,Male,0,0,-43.743494097814164
674,648.7251481324997,22,0.0,173940.59,1,France,Male,0,1,25.274851867500274
590,647.6386270321402,40,0.0,62933.03,2,France,Male,0,0,-57.63862703214022
585,659.2468793807385,56,138227.19,55287.84,2,France,Male,0,1,-74.2468793807385
518,649.9487141308317,46,0.0,76515.79,2,France,Male,0,0,-131.94871413083172
698,644.8191682255789,52,107906.75,168886.39,1,Germany,Female,1,0,53.18083177442111
579,650.783299015793,43,145843.82,198402.37,1,Spain,Male,1,1,-71.78329901579298
774,658.6619558019905,42,132193.94,162865.52,2,Germany,Male,0,1,115.33804419800947
613,651.4305729329146,29,0.0,133897.32,2,Spain,Male,0,1,-38.43057293291463
673,656.3230985075602,44,133444.97,5708.19,1,France,Female,0,1,16.67690149243981
749,653.7970342906752,42,56726.83,185543.35,2,France,Male,0,1,95.20296570932476
703,637.2609427116379,56,0.0,85547.33,1,France,Male,1,0,65.73905728836212
648,650.9705156680052,42,0.0,19283.14,2,France,Male,0,0,-2.9705156680051914
734,648.7315086872279,43,107805.67,182505.68,1,France,Male,0,0,85.26849131277208
433,652.2621807032021,49,0.0,87711.61,1,France,Female,0,1,-219.26218070320215
758,644.8593933400139,68,112595.85,35865.44,1,Germany,Male,1,0,113.14060665998613
743,656.3048384528789,39,119695.75,26136.13,1,Germany,Male,0,1,86.69516154712107
563,654.5993147503262,22,137583.04,5791.85,1,France,Male,0,1,-91.59931475032624
640,654.4911488803132,46,0.0,156260.08,1,Spain,Female,0,1,-14.491148880313176
782,654.393641516768,36,81210.72,108003.38,2,France,Male,0,1,127.60635848323204
623,637.9474283531674,45,0.0,196533.72,1,France,Male,1,0,-14.947428353167425
731,647.2484468956221,38,123711.73,171340.68,2,France,Female,1,0,83.75155310437788
774,651.8887378808402,46,0.0,34774.26,2,Spain,Male,0,1,122.11126211915985
638,645.3173255703608,36,188455.19,47031.4,1,France,Male,1,0,-7.317325570360822
594,647.6860867752915,31,79340.95,78255.86,1,France,Female,0,0,-53.68608677529153
499,655.54636004013,38,0.0,183042.2,2,France,Female,0,1,-156.54636004013003
449,658.8641962790005,32,155619.36,166692.03,1,Spain,Male,0,1,-209.86419627900045
620,642.0737009020787,61,0.0,31641.52,1,France,Male,1,0,-22.073700902078713
558,657.0949459181815,26,148853.29,24411.02,2,Germany,Male,0,1,-99.09494591818145
730,655.6157724205772,38,118866.36,163317.5,1,Spain,Male,0,1,74.38422757942283
828,647.5917602667867,30,73070.18,161671.15,2,France,Male,0,0,180.40823973321335
850,646.0531676672077,40,102800.65,60811.56,1,France,Male,0,0,203.94683233279227
781,651.9889196039004,29,98759.89,112202.64,1,Spain,Female,0,0,129.0110803960996
592,660.041666362408,33,156570.86,37140.2,1,Germany,Male,0,1,-68.04166636240802
532,644.2003899552933,42,159024.71,100982.93,1,France,Male,1,0,-112.2003899552933
850,648.6138547058731,40,0.0,1099.95,2,France,Female,0,0,201.3861452941269
677,652.521084636617,34,0.0,6175.53,2,Spain,Female,0,1,24.478915363382953
608,654.4181187616884,30,91057.37,132973.17,2,Germany,Female,0,0,-46.41811876168845
664,648.5193801225903,32,133705.74,134455.84,1,Spain,Male,0,0,15.480619877409708
585,655.3538498253629,33,152805.05,63239.65,1,France,Female,0,0,-70.35384982536289
717,654.0511943673799,22,112465.06,92977.75,1,France,Female,0,1,62.948805632620065
829,653.0240880562295,28,132405.52,104889.2,3,Germany,Male,1,0,175.97591194377048
707,646.833865302085,32,0.0,126475.79,2,Spain,Male,0,0,60.16613469791503
590,650.6793791658707,37,0.0,133535.99,2,Spain,Male,0,0,-60.67937916587073
603,651.6727617135007,57,105000.85,87412.24,2,Spain,Male,1,1,-48.67276171350068
591,650.093126027909,44,113581.98,1985.41,1,Germany,Female,0,0,-59.093126027908966
650,649.7594942526276,32,84906.45,163216.48,1,France,Male,0,0,0.2405057473723673
459,648.6183141264473,50,109387.9,155721.15,1,Germany,Male,0,0,-189.61831412644733
694,651.3043064470423,30,144684.03,31805.49,1,France,Male,0,1,42.695693552957664
684,646.6308756997739,39,207034.96,157694.76,2,Spain,Male,1,0,37.369124300226076
671,654.7464846250688,50,0.0,2560.11,1,Spain,Male,0,1,16.253515374931226
555,649.8310819578206,21,0.0,103901.35,2,Spain,Male,0,0,-94.83108195782063
547,657.8466701516203,62,127738.75,85153.0,2,France,Male,0,1,-110.84667015162029
613,654.0245006698631,50,101242.98,12493.61,2,Germany,Female,0,0,-41.02450066986307
720,648.9548251546198,31,141356.47,137985.69,1,Spain,Male,0,0,71.04517484538019
707,647.6172963538542,33,0.0,130866.95,2,France,Male,0,0,59.38270364614584
623,647.2513899421999,34,0.0,24255.21,1,France,Female,0,0,-24.25138994219992
686,650.2845828496975,29,185379.02,64679.07,1,Germany,Male,0,0,35.71541715030253
663,647.2370653702772,46,95439.4,21038.58,1,Germany,Female,1,1,15.76293462972285
732,639.8268992891656,36,0.0,3749.0,1,France,Female,1,0,92.17310071083443
479,652.0706204281117,51,107714.74,86128.21,3,Germany,Male,1,0,-173.07062042811174
661,643.9286438699326,34,0.0,185555.63,2,France,Female,0,0,17.071356130067443
677,649.6282343227914,36,68806.84,33075.24,1,Germany,Female,0,0,27.3717656772086
492,661.7180117800674,49,151249.45,167237.94,2,Germany,Female,0,1,-169.7180117800674
624,638.6076431016758,34,0.0,582.59,1,Spain,Female,1,0,-14.607643101675762
793,652.46286387305,35,0.0,79704.12,2,France,Male,0,1,140.53713612695003
847,649.9285756754855,31,0.0,76326.67,2,Spain,Male,0,1,197.0714243245145
720,661.215088387716,34,118307.57,136120.29,2,France,Female,0,1,58.78491161228396
792,651.5674091782588,30,127187.86,113553.42,1,France,Male,0,1,140.4325908217412
850,641.4556406941219,37,0.0,100101.06,1,France,Female,0,0,208.54435930587806
500,653.6299232177984,40,99004.24,152845.99,1,Spain,Male,0,1,-153.62992321779836
606,648.5967707931998,25,147386.72,45482.04,3,Spain,Female,1,0,-42.59677079319977
759,652.9853341738951,31,0.0,99086.74,2,Spain,Male,0,1,106.01466582610487
564,652.2038505690668,31,125175.58,72757.33,1,Spain,Male,0,1,-88.20385056906684
678,652.7147175932693,40,128644.46,167673.37,1,Germany,Female,0,0,25.285282406730744
562,646.6201850909167,36,0.0,182843.24,1,Spain,Male,0,1,-84.62018509091672
621,653.9909647270331,59,0.0,171364.18,2,Spain,Female,0,1,-32.99096472703309
588,650.4641565986931,30,115007.08,176858.5,1,France,Male,0,0,-62.46415659869308
617,652.6497880213211,54,102141.9,45325.26,1,France,Male,0,1,-35.649788021321115
589,650.1660631429841,27,0.0,144181.48,2,Spain,Female,0,0,-61.16606314298406
477,651.7468157493372,39,182491.57,185830.72,1,Germany,Female,0,0,-174.7468157493372
566,656.3020975449184,63,120787.18,52198.84,2,Spain,Male,0,1,-90.30209754491841
711,649.7283595645736,29,130181.47,31811.44,2,France,Female,0,0,61.271640435426434
703,651.9504652806917,31,0.0,67667.19,2,Spain,Male,0,1,51.049534719308326
605,654.9709078945775,75,61319.63,186655.11,1,Germany,Male,0,1,-49.97090789457752
516,655.283994132559,40,0.0,33266.29,2,France,Female,0,1,-139.28399413255897
572,652.3524445439865,39,0.0,555.28,2,France,Female,0,1,-80.35244454398651
483,655.5660238980429,27,77805.66,2101.89,1,France,Male,0,1,-172.56602389804289
670,646.5172705012459,57,175575.95,99061.75,2,Spain,Female,1,0,23.48272949875411
766,642.9901563121547,47,129289.98,169935.46,1,Germany,Male,1,0,123.00984368784532
663,649.2334017133725,24,0.0,166310.82,2,France,Male,0,1,13.766598286627527
671,654.6481608118772,58,178713.98,21768.21,1,Spain,Male,0,1,16.351839188122767
571,648.2007992805983,40,0.0,72849.29,2,France,Male,0,0,-77.20079928059829
737,649.2249528748364,33,0.0,115115.32,2,France,Female,0,0,87.77504712516361
618,644.0903209298597,40,140306.38,160618.61,1,Germany,Female,1,0,-26.090320929859672
611,651.1307100013016,53,0.0,156495.39,2,France,Female,1,1,-40.13071000130162
675,648.7887180155211,32,0.0,85901.09,3,France,Male,0,0,26.211281984478887
706,653.3715829375823,53,0.0,117939.17,2,Spain,Male,0,1,52.628417062417725
664,654.1193069328605,57,0.0,56562.57,2,France,Male,0,1,9.880693067139532
850,647.7743876272164,34,92899.27,97465.89,2,France,Female,0,0,202.22561237278364
766,658.1951427993749,28,90696.78,21597.2,1,Germany,Female,0,1,107.80485720062507
692,649.2168640986292,34,0.0,195074.62,2,France,Female,0,0,42.78313590137077
733,656.335901975788,48,85915.52,23860.5,1,Germany,Male,0,1,76.66409802421197
770,638.0711200440156,33,0.0,26080.54,1,France,Female,1,0,131.92887995598437
618,654.8015353931839,30,133844.22,31406.93,1,France,Male,0,1,-36.80153539318394
749,645.8314117136713,27,0.0,132734.87,2,France,Female,0,0,103.16858828632871
586,655.9721953276396,64,0.0,53710.23,2,France,Male,0,1,-69.97219532763961
491,657.2768154757845,36,53369.13,103934.12,1,France,Female,0,1,-166.27681547578447
638,645.9027189843894,34,146679.77,102179.86,1,Spain,Male,0,0,-7.902718984389367
645,657.786123843381,49,160133.88,88391.97,1,Germany,Male,0,1,-12.786123843381006
647,647.4593759159898,35,123761.68,83910.4,1,France,Male,0,0,-0.45937591598976724
786,644.5141673313484,33,122325.58,34712.34,1,Germany,Female,1,0,141.4858326686516
655,650.0650138398635,34,0.0,159638.77,2,France,Female,0,0,4.934986160136532
520,660.1450450174145,43,150805.17,25333.03,3,Germany,Male,1,1,-140.14504501741453
675,641.3758203760897,40,79035.95,142783.98,1,Spain,Female,1,0,33.62417962391032
657,646.3535477181398,22,0.0,168412.07,3,Spain,Female,1,1,10.646452281860206
446,644.5755650986839,45,125191.69,128260.86,1,Spain,Female,1,1,-198.5755650986839
850,650.3369713436646,31,96399.31,106534.15,2,France,Male,0,0,199.66302865633543
499,658.8258697044763,60,76961.6,83643.87,2,France,Male,0,1,-159.8258697044763
795,648.5397358041544,29,0.0,155711.64,2,Spain,Male,0,0,146.46026419584564
434,642.4296065555313,55,0.0,73562.05,1,Spain,Male,1,1,-208.42960655553134
493,651.1669797815572,36,148667.81,56092.51,2,France,Female,0,0,-158.1669797815572
755,654.6327982310885,34,0.0,158816.03,2,France,Male,0,1,100.36720176891151
699,648.362291560336,44,158697.61,107181.22,1,France,Male,0,0,50.63770843966404
739,642.3450320832177,32,102128.27,63981.37,1,Germany,Male,1,0,96.65496791678231
692,653.8029041296955,69,154953.94,70849.47,1,France,Male,0,1,38.19709587030445
607,645.0299729447912,48,112070.86,173568.3,3,France,Female,1,0,-38.02997294479121
543,650.8571781483803,34,0.0,145601.8,2,France,Female,0,1,-107.85717814838029
586,662.6767011565915,47,157099.47,65481.86,2,Germany,Female,0,1,-76.67670115659155
726,644.331716654949,28,0.0,98060.51,1,France,Male,0,0,81.66828334505101
829,651.6899488382377,36,81795.74,90106.94,2,Germany,Male,0,0,177.31005116176232
600,658.1916585208735,29,74430.1,96051.1,2,Germany,Female,0,1,-58.19165852087349
677,654.678953489402,26,98723.67,151146.67,1,Germany,Female,0,1,22.321046510597967
693,650.8638283771509,43,128760.32,36342.79,1,France,Male,0,0,42.13617162284913
755,651.9657710497235,29,117035.89,21862.19,1,France,Male,0,1,103.03422895027654
781,642.8900280182531,29,0.0,172097.4,2,France,Male,0,0,138.10997198174687
624,646.6607333194844,23,0.0,132418.59,2,France,Female,0,0,-22.660733319484393
598,648.246095064594,34,0.0,60894.26,2,France,Female,0,0,-50.24609506459399
765,655.1097029780243,33,84557.82,69039.43,1,Spain,Female,0,1,109.8902970219757
667,664.539514365468,44,140406.68,57164.19,2,Germany,Female,0,1,2.460485634532006
744,650.3712503171811,46,0.0,177431.59,3,Spain,Female,1,1,93.62874968281892
502,651.18224175882,35,0.0,80618.47,2,France,Female,0,1,-149.18224175882006
541,645.4714402014162,32,0.0,40889.14,2,France,Male,0,0,-104.47144020141616
850,653.314560237861,34,71379.53,154000.99,2,France,Female,0,1,196.68543976213903
598,644.8786707036036,40,171178.25,137980.58,1,France,Female,1,0,-46.878670703603575
709,652.5114431702243,62,0.0,82195.15,2,Spain,Male,0,1,56.48855682977569
633,647.1370812305673,58,128137.42,147635.33,2,Germany,Male,1,0,-14.137081230567333
639,653.8006072296699,66,0.0,42240.54,2,France,Male,0,1,-14.800607229669936
670,653.0802205473542,25,0.0,144723.38,2,France,Male,0,1,16.9197794526458
738,653.080974506373,40,114940.67,194895.57,2,Germany,Female,1,1,84.91902549362703
592,650.2292708183342,70,71816.74,105096.82,2,Germany,Female,1,0,-58.22927081833416
522,657.2515053519282,41,0.0,176780.39,2,France,Female,0,1,-135.25150535192824
746,641.4761223138604,48,165282.42,153786.46,1,France,Male,1,0,104.5238776861396
671,650.4824467386131,36,116695.27,193201.86,1,Germany,Male,0,0,20.517553261386865
577,655.0659097526643,43,0.0,135008.92,2,Spain,Male,0,1,-78.06590975266431
712,655.2642270485838,37,93978.96,60651.77,2,Germany,Male,0,0,56.73577295141615
631,651.4612561696899,29,0.0,125877.22,2,France,Male,0,1,-20.461256169689932
711,653.7929010743451,34,0.0,175310.38,2,France,Female,0,1,57.20709892565492
627,650.4046679385556,27,62092.9,105887.04,1,France,Male,0,1,-23.404667938555576
597,649.6970577295748,43,85162.26,5104.08,1,Spain,Male,1,1,-52.697057729574794
731,652.0797864631378,33,137388.01,165000.68,2,Spain,Female,0,0,78.9202135368622
507,644.3228751652283,32,0.0,67926.18,2,Spain,Male,0,0,-137.3228751652283
717,656.6364904546936,59,0.0,170528.63,2,France,Female,0,1,60.36350954530644
751,653.6865832032885,37,183613.66,49734.94,2,France,Female,0,0,97.31341679671152
529,652.7866063704485,31,152310.55,13054.25,1,France,Female,0,0,-123.78660637044845
610,655.7845766761793,36,115462.02,42581.04,1,Germany,Male,0,1,-45.78457667617931
634,653.7003356458827,53,113781.5,106345.05,2,Germany,Female,1,1,-19.70033564588266
561,655.5151241268817,49,0.0,12513.07,2,France,Female,0,1,-94.51512412688169
807,653.2722811940597,42,0.0,74900.9,2,Spain,Male,0,1,153.7277188059403
730,644.3287882697175,23,0.0,183284.53,2,France,Male,0,0,85.6712117302825
568,649.626850758857,33,0.0,143450.61,2,France,Male,0,0,-81.62685075885702
430,651.5095732600662,38,153058.64,99377.27,1,Germany,Female,0,0,-221.5095732600662
704,651.5893233922674,44,0.0,152884.85,2,France,Male,0,1,52.410676607732626
632,655.0246307400678,30,72549.0,182728.8,2,Germany,Male,0,1,-23.024630740067778
767,649.3093422845468,35,0.0,144251.38,2,France,Female,0,0,117.6906577154532
651,648.0599672739211,29,121890.06,54530.51,1,Germany,Male,1,0,2.9400327260789254
604,650.8684587354169,47,118907.6,47777.15,1,Germany,Female,1,1,-46.86845873541688
444,650.8827617110612,43,0.0,159131.21,2,France,Male,0,1,-206.88276171106122
586,655.5564182658948,42,126704.49,41682.3,2,Germany,Male,0,0,-69.55641826589476
510,644.1104152675417,44,123070.89,28461.29,1,Germany,Female,1,0,-134.11041526754173
539,649.5667387177878,39,0.0,28184.7,1,France,Male,0,1,-110.56673871778776
557,656.925994564302,46,96173.17,116378.31,2,France,Female,0,1,-99.92599456430196
705,656.0569870401996,55,0.0,14392.68,2,France,Female,0,1,48.9430129598004
542,645.1362456971189,35,127543.11,468.94,2,Germany,Female,1,0,-103.13624569711885
706,647.955982109031,38,0.0,122379.54,2,France,Male,0,0,58.04401789096903
714,650.1761671220207,54,126113.28,112777.38,1,France,Male,0,0,63.82383287797927
609,655.7068901127523,40,137389.77,170122.22,2,Germany,Female,0,0,-46.70689011275226
735,650.8082453451918,34,141796.43,45858.49,1,France,Male,0,0,84.19175465480816
697,664.5212505010235,49,195238.29,131083.56,4,France,Female,1,1,32.478749498976526
542,655.2738603826325,67,129431.36,21343.74,1,France,Male,0,1,-113.2738603826325
762,653.3164224922433,43,134204.67,139971.01,1,Spain,Female,0,1,108.6835775077567
661,654.772673162686,31,136067.82,65567.91,2,France,Female,0,0,6.227326837313967
850,637.1558297224116,55,0.0,171762.87,1,Spain,Female,1,0,212.84417027758843
516,647.066860010026,65,102541.1,181490.42,1,Spain,Female,0,0,-131.06686001002595
703,645.638282127932,41,109941.51,116267.28,1,France,Female,0,0,57.36171787206797
443,645.6872761758566,44,0.0,159165.7,1,France,Male,0,0,-202.6872761758566
627,652.6791996082524,43,71240.3,127734.16,1,France,Male,0,1,-25.67919960825236
664,648.8406025162956,49,127421.78,108876.75,2,Germany,Female,1,0,15.159397483704424
707,640.6317849581606,52,0.0,109688.82,1,Spain,Female,1,0,66.36821504183945
705,648.7448854733809,37,109974.22,36320.87,1,Germany,Female,1,1,56.25511452661908
615,651.7974185637996,59,0.0,165576.55,2,France,Male,0,1,-36.797418563799624
681,650.2777078189599,31,97338.19,48226.76,2,Germany,Male,0,0,30.722292181040075
617,649.311338278795,34,0.0,118749.58,2,Spain,Male,0,0,-32.311338278795006
617,648.3049184340448,37,101707.8,123866.28,1,Spain,Female,0,0,-31.304918434044794
820,640.753193534369,39,111336.89,16770.31,1,Germany,Male,1,0,179.24680646563104
600,653.5469643155847,27,0.0,172031.22,2,Spain,Female,0,1,-53.54696431558466
638,647.9618681296178,41,144326.09,73979.85,1,Germany,Female,1,0,-9.961868129617756
493,657.4405498678362,36,0.0,99770.3,2,France,Female,0,1,-164.44054986783624
651,647.9194473012433,38,0.0,67029.82,3,Spain,Male,1,0,3.080552698756719
797,645.0563922623156,45,0.0,125110.02,1,France,Male,0,0,151.94360773768437
586,651.0411136078329,60,47020.65,63241.21,2,France,Female,1,1,-65.04111360783293
740,650.7158933371163,51,0.0,178929.84,2,France,Female,0,1,89.28410666288369
675,660.907405653026,50,133204.91,8270.06,1,Spain,Female,0,1,14.09259434697401
412,650.0102258555683,29,0.0,12510.53,2,France,Male,0,0,-238.01022585556825
620,654.4675001730418,42,106920.91,119747.08,1,Spain,Male,0,1,-34.4675001730418
668,652.2209873129478,72,0.0,70783.61,2,France,Male,0,1,15.779012687052159
649,643.8612884282015,38,0.0,103760.53,1,Spain,Female,0,0,5.138711571798467
466,645.6317382801521,30,0.0,193984.6,1,France,Female,0,0,-179.63173828015215
560,645.5970277855248,49,0.0,100075.1,1,France,Male,1,1,-85.5970277855248
435,652.101769007903,37,114346.3,980.93,1,Germany,Male,1,1,-217.10176900790304
485,655.1786797456045,39,75339.64,70665.16,1,France,Female,0,1,-170.17867974560454
699,647.3216349540425,40,122038.34,102085.35,1,France,Female,0,0,51.67836504595755
712,653.7582066571971,34,0.0,195052.12,2,France,Male,0,1,58.24179334280291
520,650.2794293733032,35,105387.89,25059.06,1,France,Male,0,1,-130.27942937330317
593,644.6155015960741,32,158537.42,166850.57,1,Spain,Male,0,0,-51.61550159607407
670,647.1989841661434,29,0.0,27359.19,2,Spain,Female,0,0,22.80101583385658
623,657.0845246613983,24,148167.83,109470.34,2,France,Female,0,1,-34.08452466139829
642,652.0072524890778,62,0.0,61120.75,2,France,Male,0,1,-10.007252489077814
682,656.0190085248806,32,105163.88,164170.46,2,Germany,Male,0,1,25.980991475119367
623,650.8695580632094,29,0.0,39382.06,2,France,Female,0,0,-27.86955806320941
772,645.7805660442559,34,0.0,170980.86,2,France,Male,0,0,126.21943395574408
551,656.1687738509852,49,150777.72,135757.27,2,Spain,Male,0,1,-105.16877385098519
542,655.7923636629881,35,174894.53,22314.55,1,Spain,Male,0,1,-113.79236366298812
623,642.3642877219432,28,0.0,129526.57,1,France,Male,0,0,-19.364287721943242
701,657.2413096447325,43,160416.56,37266.43,1,France,Female,0,1,43.758690355267504
585,654.8444507990595,37,152496.82,99907.29,1,Germany,Male,0,1,-69.84445079905947
758,655.965319341233,61,0.0,43982.41,2,Spain,Male,0,1,102.034680658767
760,657.0343127120514,43,175735.5,157337.29,1,Spain,Male,0,1,102.96568728794864
784,656.9966619594531,28,109960.06,170829.87,2,Germany,Male,0,1,127.00333804054685
547,644.1340756991506,42,142703.4,86207.49,1,Germany,Female,1,0,-97.13407569915057
616,642.6156065239437,37,0.0,111312.96,1,France,Male,0,0,-26.61560652394371
475,649.2006934827513,40,160818.08,169642.13,1,France,Male,1,1,-174.20069348275126
830,653.1396463427399,40,77701.64,19512.38,1,Germany,Female,0,1,176.86035365726013
663,653.821238817796,28,0.0,123969.64,2,France,Male,0,1,9.17876118220397
594,648.7636347158335,18,132694.73,167689.56,1,Germany,Male,0,0,-54.76363471583352
545,653.8769165700832,44,0.0,82614.89,2,Spain,Female,0,1,-108.87691657008315
513,652.1927205575137,49,171601.27,126223.84,1,Germany,Female,0,0,-139.19272055751367
766,639.8149356910915,27,126285.73,177614.17,1,Germany,Male,1,0,126.18506430890852
630,655.9987203169725,23,137964.51,174570.55,1,Germany,Female,0,1,-25.99872031697248
729,649.0142797615954,40,113574.61,103396.08,2,Germany,Male,0,0,79.98572023840461
629,650.1559870990804,33,0.0,59129.72,2,France,Female,0,1,-21.15598709908045
765,652.890693286153,46,119492.88,166896.01,2,Germany,Female,1,1,112.10930671384699
470,657.106118963707,48,140576.11,116971.05,1,Spain,Female,0,1,-187.106118963707
521,659.3826944344019,49,127948.57,182765.14,1,Germany,Female,0,1,-138.38269443440186
556,654.9016889258588,30,0.0,186648.19,2,France,Female,0,1,-98.90168892585882
662,660.0194881219276,30,115286.68,149587.92,2,Germany,Male,0,1,1.9805118780724342
608,654.4131097802007,41,0.0,72462.25,2,France,Female,0,1,-46.41310978020067
666,651.1521361479149,27,85225.21,64511.44,1,France,Female,0,1,14.847863852085084
730,654.536950676797,36,148749.29,91830.75,2,France,Female,0,0,75.463049323203
781,647.9026229045921,38,117810.79,65632.33,1,France,Male,1,1,133.09737709540786
735,651.5210488755571,73,0.0,114283.33,1,France,Male,0,1,83.47895112444291
521,657.4181627505365,29,87212.8,994.86,1,Germany,Female,0,1,-136.41816275053645
618,645.1392311631853,40,0.0,119059.13,1,France,Female,0,0,-27.139231163185286
705,652.4341127198941,36,111629.29,21807.16,1,Spain,Male,0,1,52.565887280105926
727,638.7948543456723,49,96296.78,190457.87,1,Spain,Female,1,0,88.20514565432768
595,646.9355871216022,20,95830.43,177738.98,1,France,Male,0,0,-51.935587121602225
578,649.045316495547,59,185966.64,9445.42,1,France,Male,1,0,-71.04531649554701
597,656.4448985780539,29,0.0,174825.57,2,France,Female,0,1,-59.44489857805388
672,654.1249344083591,40,89025.88,188892.19,2,Germany,Male,0,0,17.87506559164092
597,649.4428839403479,43,119127.46,55809.92,2,Germany,Female,0,0,-52.44288394034788
708,648.6043456663505,23,71433.08,103697.57,1,Germany,Female,0,0,59.39565433364953
540,650.4324916368035,31,118158.74,158027.57,1,Spain,Female,0,1,-110.43249163680355
663,662.7436941798526,46,141726.88,58257.23,1,Germany,Female,0,1,0.25630582014741776
694,656.5066105861663,30,0.0,15039.41,3,France,Male,0,1,37.49338941383371
573,646.7531311204959,35,0.0,11743.89,2,France,Male,0,0,-73.75313112049594
597,648.8657630659008,28,142705.95,127233.39,1,France,Female,0,0,-51.86576306590075
628,650.1986537870964,28,0.0,176750.81,2,Spain,Male,0,1,-22.19865378709642
607,653.1183805609156,32,144272.07,176580.63,2,Germany,Male,0,0,-46.118380560915625
613,647.071975119461,40,124339.9,193309.58,1,France,Male,0,0,-34.071975119460944
544,636.220896386851,26,0.0,100200.4,1,France,Female,1,0,-92.220896386851
773,640.5721015476058,51,0.0,123587.83,2,Spain,Male,1,0,132.42789845239417
726,653.8000045968703,44,0.0,26733.86,2,France,Female,0,1,72.19999540312972
644,653.0626213885707,31,0.0,41872.17,2,France,Male,0,1,-9.062621388570733
676,646.2799250030677,48,124442.38,15068.53,1,Germany,Female,1,0,29.72007499693234
499,643.6334324818872,31,0.0,25950.49,1,France,Male,0,0,-144.6334324818872
543,654.8579649280348,67,128843.67,134612.48,1,France,Female,0,1,-111.85796492803479
776,648.7552040697972,31,0.0,92647.94,2,France,Female,0,0,127.24479593020283
699,656.5246616615829,39,109724.38,180022.39,1,France,Male,0,1,42.475338338417146
847,654.5526379632327,35,111743.43,183584.14,1,Germany,Female,0,1,192.44736203676734
582,660.1788828557977,35,121309.17,28750.67,2,Germany,Male,0,1,-78.17888285579772
648,645.3143529580717,38,82697.28,74846.67,1,France,Male,0,0,2.6856470419282914
462,649.9793471008561,27,176913.52,80587.27,1,France,Male,0,0,-187.9793471008561
787,658.4844234427447,39,171646.76,100791.36,1,Spain,Female,0,1,128.51557655725526
541,646.831048956987,39,109844.81,25289.23,1,France,Female,0,0,-105.83104895698705
847,653.38319869749,41,101543.51,16025.17,4,Germany,Female,1,0,193.61680130251
678,658.5241274295701,37,149000.91,21472.42,2,Germany,Female,0,1,19.475872570429942
629,653.459346985767,61,0.0,133672.61,2,France,Female,0,1,-24.459346985766956
542,654.0797154431818,31,0.0,115217.59,2,France,Female,0,1,-112.07971544318184
560,651.2659909209614,33,0.0,183358.21,1,Spain,Female,0,1,-91.26599092096137
633,646.3608771663013,29,0.0,130224.73,1,France,Male,0,1,-13.360877166301293
674,651.7710873493531,45,72494.69,140041.78,1,France,Female,0,1,22.228912650646862
619,644.7723581761913,34,0.0,139919.38,1,Spain,Male,0,0,-25.772358176191347
562,651.942510961464,27,0.0,28137.03,2,France,Female,0,0,-89.942510961464
551,650.6593504052075,48,95679.29,94978.1,1,Spain,Female,0,0,-99.65935040520753
635,651.9628891968655,36,81231.85,196731.08,2,Germany,Female,0,0,-16.96288919686549
701,647.4173044565974,41,164046.1,49405.93,1,Germany,Male,0,0,53.582695543402565
662,652.110159134674,39,139562.05,61636.22,2,France,Female,0,0,9.88984086532605
594,653.0752822829721,37,0.0,95864.5,2,France,Male,0,1,-59.075282282972125
585,647.4156824209182,50,125845.66,9439.31,1,Germany,Male,1,0,-62.41568242091819
668,650.6013566445894,69,0.0,134483.07,1,Spain,Female,0,1,17.398643355410627
636,650.7740555960462,31,0.0,2382.61,2,France,Male,0,1,-14.774055596046196
767,648.403583581743,35,0.0,39511.61,2,France,Female,0,0,118.59641641825704
710,644.8487172691999,62,148214.36,48571.14,1,Germany,Female,1,0,65.15128273080006
665,659.6156969921498,29,182781.74,63732.9,2,Spain,Male,0,1,5.384303007850235
739,642.002877599952,40,0.0,167030.51,1,Spain,Female,0,0,96.99712240004806
837,651.4106807352273,29,0.0,41866.26,2,France,Female,0,1,185.5893192647727
684,650.7918121659727,35,137179.39,37264.11,1,France,Male,0,1,33.208187834027285
634,654.6234591728777,35,0.0,19515.48,2,Spain,Male,0,1,-20.623459172877688
736,646.871850803277,36,0.0,70496.66,1,France,Female,0,0,89.12814919672303
641,653.5016877197295,31,112494.99,32231.6,1,France,Male,0,1,-12.501687719729489
659,651.1138890039655,48,123593.22,82469.06,2,Germany,Male,1,0,7.8861109960345175
584,652.4821738382531,26,146286.22,105105.35,1,France,Female,0,0,-68.48217383825306
627,654.7934116730886,70,94416.78,145299.5,1,France,Male,0,1,-27.7934116730886
765,653.5003054680249,45,91549.78,47139.44,1,Spain,Male,0,1,111.49969453197514
716,655.7057838428545,23,94464.81,185900.88,2,France,Female,0,1,60.294216157145456
532,651.9595392704961,39,0.0,94977.3,2,Spain,Female,0,0,-119.95953927049607
627,657.9428092077669,52,76101.81,177238.35,2,Germany,Male,0,1,-30.942809207766913
705,646.0165949760137,46,115518.07,76544.9,1,Germany,Female,1,0,58.98340502398628
575,643.5681886283261,36,0.0,55868.97,1,France,Male,1,1,-68.56818862832608
419,651.655463682375,27,121580.42,134720.51,1,Spain,Female,0,1,-232.65546368237494
640,648.6901328953448,55,132436.34,978.66,1,France,Male,0,0,-8.690132895344846
640,654.8375846296608,46,107978.4,155876.06,2,Germany,Female,0,0,-14.837584629660796
689,653.5340702348474,40,78119.59,119259.34,4,Germany,Female,1,0,35.46592976515262
751,649.0701599734102,44,0.0,170634.49,2,France,Female,0,0,101.92984002658977
768,655.818588268022,43,129264.05,19150.14,2,Germany,Female,0,0,112.18141173197796
701,645.7683168047023,33,147510.34,190611.92,1,France,Male,0,0,55.231683195297705
689,652.453900540379,40,0.0,119446.64,2,France,Female,0,1,36.54609945962102
687,658.2741152553748,72,0.0,50267.69,2,Spain,Female,0,1,28.725884744625205
651,654.4995504114281,32,144581.96,87609.5,1,France,Female,0,1,-3.4995504114281175
544,650.8389203239333,30,73218.89,126796.69,1,France,Male,0,1,-106.83892032393328
666,648.2273443758753,33,124125.26,81884.8,1,Germany,Male,0,0,17.772655624124695
655,639.5834332746856,41,0.0,36548.0,1,France,Female,1,0,15.416566725314397
505,646.8750008709426,35,116932.59,91092.84,1,Spain,Male,0,0,-141.87500087094259
850,652.7441218559238,37,88141.1,109659.12,1,Spain,Male,0,0,197.25587814407618
850,649.8505716006715,32,0.0,3830.59,1,Spain,Female,0,1,200.14942839932849
732,644.7369963326115,48,102962.62,120852.85,1,Germany,Female,1,0,87.26300366738849
789,649.9436860399746,43,119654.44,148412.24,2,Germany,Male,1,1,139.05631396002536
680,649.9236498480855,33,183768.47,164119.35,1,France,Male,0,0,30.07635015191454
522,650.0674823264891,25,94049.92,103269.0,2,Germany,Female,0,0,-128.06748232648908
790,653.4287586409981,29,46057.96,189777.66,2,Spain,Male,0,1,136.57124135900187
651,650.5746187674596,28,79562.98,74687.37,1,France,Male,0,1,0.42538123254041693
540,649.3565509167161,40,0.0,3560.0,2,Spain,Female,0,0,-109.35655091671606
508,653.6197334198109,41,0.0,94170.84,2,France,Female,0,1,-145.61973341981093
651,644.4106422351225,45,86714.06,85869.89,1,Germany,Female,1,0,6.589357764877491
773,647.7306602705931,52,0.0,57337.79,2,Spain,Male,0,0,125.26933972940685
550,644.3919144074204,42,128707.31,63092.65,1,Germany,Female,1,0,-94.39191440742036
783,651.9748068270967,40,0.0,109742.55,2,France,Male,0,0,131.0251931729033
524,651.7918155933147,29,0.0,105448.74,2,France,Male,0,1,-127.79181559331471
841,644.0883986796534,52,112383.03,85516.37,1,Germany,Female,1,0,196.91160132034656
850,651.7915179841787,28,0.0,164864.67,2,France,Female,0,1,198.20848201582135
559,652.1471216637318,62,118756.62,20367.68,1,France,Male,0,1,-93.14712166373181
668,653.1754240192051,28,124511.01,114258.18,1,Germany,Female,0,0,14.824575980794862
497,654.775395510509,44,121250.04,79691.4,1,Spain,Male,0,1,-157.77539551050904
648,654.2361563462099,40,139973.65,667.66,1,Germany,Female,1,1,-6.236156346209896
744,658.8467100965503,50,121498.11,106061.47,2,Germany,Female,1,1,85.15328990344972
850,640.4032478787476,71,69608.14,97893.4,1,Spain,Male,1,0,209.5967521212524
608,645.2929207830543,40,96202.32,161154.85,1,Germany,Female,0,0,-37.29292078305434
469,649.8656038868533,33,127818.52,163477.22,1,France,Male,0,0,-180.86560388685325
527,656.422616861222,58,137318.42,126144.96,1,Germany,Male,0,1,-129.42261686122197
713,652.0306581096363,39,0.0,126263.97,2,France,Female,0,1,60.969341890363694
550,650.7357448927667,30,0.0,89216.29,2,France,Female,0,0,-100.73574489276666
748,655.014492516427,39,0.0,123998.52,2,Spain,Male,0,1,92.98550748357297
606,656.9664040748399,40,95293.86,96985.58,2,Germany,Male,0,1,-50.96640407483994
547,651.5281052191937,30,0.0,18471.86,2,France,Male,0,1,-104.52810521919366
613,655.890219109962,28,76656.4,185483.24,2,Germany,Male,0,1,-42.890219109962004
600,653.396684359319,31,0.0,121555.51,2,France,Male,0,1,-53.39668435931901
590,649.3801615531827,36,0.0,48876.84,2,France,Male,0,0,-59.38016155318269
606,653.9196096996855,32,0.0,36540.63,2,France,Male,0,1,-47.91960969968545
765,656.4905657014931,42,123311.39,82868.34,2,France,Male,0,1,108.5094342985069
779,646.1223219364798,49,106160.37,116893.87,1,France,Male,0,0,132.8776780635202
678,649.3254745733026,38,124483.53,126253.31,1,Spain,Male,0,0,28.674525426697414
733,652.8586292319522,36,0.0,108377.82,2,Spain,Male,0,1,80.14137076804775
714,648.6846379957987,40,46520.69,96687.25,1,France,Male,0,1,65.31536200420135
680,645.6146466950898,34,0.0,98949.85,2,Spain,Female,0,0,34.385353304910154
757,652.5181924749305,30,145396.49,198341.15,1,Spain,Male,0,1,104.48180752506948
710,649.2005457946448,62,131078.42,119348.76,2,Spain,Male,1,0,60.79945420535523
560,652.4730020074447,38,83714.41,33245.97,1,France,Female,0,1,-92.47300200744473
679,650.9352335083685,36,0.0,2243.41,2,France,Female,0,1,28.06476649163153
607,644.1275216809208,29,102609.0,163257.44,1,Germany,Male,0,0,-37.127521680920836
667,661.8451270583117,70,77356.92,20881.96,2,Germany,Male,0,1,5.154872941688268
677,647.373830587813,25,0.0,179608.96,2,France,Female,0,0,29.626169412186982
490,654.4349010347814,41,139659.04,176254.12,1,Germany,Female,0,1,-164.43490103478143
800,652.5949121455683,39,95252.72,13906.34,1,Germany,Male,0,0,147.4050878544317
554,652.563475889345,33,117413.95,12766.74,1,France,Male,0,1,-98.563475889345
480,655.257316032537,39,121626.9,82438.13,1,Spain,Male,0,1,-175.257316032537
641,648.9676613936734,48,147341.43,157458.61,1,France,Female,1,1,-7.967661393673438
506,649.6285824443128,43,0.0,105568.6,2,France,Male,0,0,-143.62858244431277
642,658.821418235391,22,111812.52,183045.46,2,Germany,Male,0,1,-16.82141823539098
631,647.2437323998873,36,0.0,133141.34,2,France,Male,0,0,-16.243732399887335
558,641.9795564340752,31,0.0,198269.08,1,France,Male,0,0,-83.97955643407522
637,647.4464526620561,51,104682.83,55266.96,1,Germany,Male,1,0,-10.446452662056117
808,652.1526804845945,39,124216.93,171442.36,1,Germany,Male,0,1,155.8473195154055
711,653.0868560315819,26,128793.63,19262.05,1,Germany,Male,0,0,57.913143968418126
593,645.3328272487144,32,99162.29,128384.11,1,France,Male,0,0,-52.33282724871435
699,657.0276114850385,41,200117.76,94142.35,2,Germany,Female,0,0,41.972388514961494
838,651.9259818383246,31,0.0,8222.96,2,France,Male,0,0,186.07401816167544
587,651.7811836470415,39,0.0,170409.45,2,France,Male,0,1,-64.78118364704153
459,650.3803554666866,26,149879.66,50016.17,1,France,Male,0,0,-191.38035546668664
671,649.9980451404867,28,119859.52,125422.66,2,Germany,Male,0,0,21.001954859513262
681,656.1297051593747,37,121231.39,146366.08,1,Spain,Female,0,1,24.87029484062532
678,646.0734301260883,55,129646.91,184125.1,1,Germany,Male,1,1,31.926569873911717
544,650.4005358622186,38,0.0,98208.62,1,France,Male,0,1,-106.40053586221859
521,645.4149964366172,38,0.0,51454.06,2,France,Male,0,0,-124.41499643661723
724,657.744801757157,33,119278.44,197148.24,1,Germany,Female,0,1,66.255198242843
486,648.7687288318474,62,118356.89,168034.83,2,Germany,Male,1,0,-162.7687288318474
771,647.3336608991308,50,105229.72,16281.68,1,France,Male,1,1,123.66633910086921
637,647.4920967729066,21,125712.2,175072.47,1,France,Female,0,0,-10.49209677290662
706,655.5659754570032,56,139603.22,86383.61,1,Germany,Female,0,1,50.43402454299678
739,652.1742866075261,58,101579.28,72168.53,1,France,Male,0,1,86.82571339247386
496,652.6489261009109,34,102723.35,180844.81,2,France,Female,0,0,-156.6489261009109
652,652.4090822390758,31,132862.59,158054.49,1,Spain,Male,0,0,-0.40908223907581487
814,644.6930364156815,31,87772.52,188516.45,1,France,Female,0,0,169.3069635843185
611,649.948428635524,38,71018.6,2444.29,2,France,Male,0,0,-38.94842863552401
735,660.8213090107586,28,160454.15,114957.22,2,Germany,Male,0,1,74.17869098924143
657,649.9016390084519,36,0.0,123866.43,2,Spain,Male,0,1,7.098360991548134
724,663.2459844525466,53,139687.66,12913.92,2,Germany,Female,0,1,60.75401554745338
625,654.882057825312,39,129845.26,96444.88,1,Germany,Female,0,1,-29.882057825312017
635,657.0301424799737,46,0.0,60739.16,2,Spain,Male,0,1,-22.030142479973733
550,654.9619901543225,47,0.0,97057.28,2,France,Male,0,1,-104.9619901543225
520,644.9209340393112,46,85216.61,117369.52,1,France,Female,1,0,-124.92093403931119
758,644.4621683961292,26,155739.76,171552.02,1,France,Male,0,0,113.53783160387081
610,645.7242882703438,50,113957.01,196526.55,2,Germany,Male,1,0,-35.72428827034378
774,647.738776728921,40,93017.47,191608.97,2,France,Male,1,0,126.26122327107896
741,647.9256764198809,35,74371.49,99595.67,1,Spain,Male,0,0,93.07432358011908
602,658.2366828126601,35,90602.42,51695.41,2,Germany,Male,0,1,-56.23668281266009
516,647.8043867659263,35,57369.61,101699.77,1,France,Male,0,1,-131.80438676592632
