Exited,prediction,prob_churn,model
0,0.0,0.1349913490123264,LogisticRegression
0,0.0,0.2920430007012229,LogisticRegression
0,0.0,0.1811981602963567,LogisticRegression
0,0.0,0.4712730643759523,LogisticRegression
1,1.0,0.51915437569317,LogisticRegression
1,1.0,0.6631336176159794,LogisticRegression
0,0.0,0.3430995003826991,LogisticRegression
0,0.0,0.4852971867516961,LogisticRegression
1,1.0,0.6177638649558279,LogisticRegression
1,1.0,0.7145023176347831,LogisticRegression
0,1.0,0.5648925151586928,LogisticRegression
0,0.0,0.4652088216397271,LogisticRegression
0,0.0,0.3780925283471325,LogisticRegression
0,1.0,0.7663942753088837,LogisticRegression
0,1.0,0.6386460988085336,LogisticRegression
0,0.0,0.1354391381835826,LogisticRegression
0,0.0,0.4919227710335061,LogisticRegression
0,0.0,0.4294460848574211,LogisticRegression
0,0.0,0.494824228808481,LogisticRegression
0,0.0,0.4981581031087307,LogisticRegression
0,1.0,0.557656022073096,LogisticRegression
0,1.0,0.7817441104210895,LogisticRegression
0,0.0,0.3731394415409148,LogisticRegression
0,0.0,0.2444087883860284,LogisticRegression
0,1.0,0.6295440633641675,LogisticRegression
0,1.0,0.5454849777899526,LogisticRegression
0,0.0,0.4874504838734986,LogisticRegression
0,1.0,0.6325116620716376,LogisticRegression
0,0.0,0.4146998474567251,LogisticRegression
0,1.0,0.6120629214354151,LogisticRegression
0,1.0,0.6964224139026083,LogisticRegression
1,1.0,0.6657512863946708,LogisticRegression
1,0.0,0.3421179920010143,LogisticRegression
0,0.0,0.4198580297626334,LogisticRegression
0,0.0,0.2914085189691794,LogisticRegression
0,0.0,0.442258064547574,LogisticRegression
0,0.0,0.4307652192727295,LogisticRegression
0,0.0,0.2157494599526626,LogisticRegression
0,0.0,0.2768246746176619,LogisticRegression
0,0.0,0.2273860793355668,LogisticRegression
0,0.0,0.2088915691901051,LogisticRegression
0,0.0,0.1886612080444049,LogisticRegression
1,1.0,0.8520845685128915,LogisticRegression
0,1.0,0.7239995418568079,LogisticRegression
0,1.0,0.7168507235956101,LogisticRegression
0,0.0,0.1624109359827803,LogisticRegression
1,0.0,0.4465449919477219,LogisticRegression
0,0.0,0.2091722338476559,LogisticRegression
0,0.0,0.3848668260808201,LogisticRegression
0,0.0,0.3159534164904343,LogisticRegression
1,1.0,0.6871618084334788,LogisticRegression
0,0.0,0.3094086003020598,LogisticRegression
0,1.0,0.7038386870493767,LogisticRegression
0,0.0,0.2482224206244815,LogisticRegression
1,1.0,0.6865786788419315,LogisticRegression
0,1.0,0.5498763664131063,LogisticRegression
0,0.0,0.2254819038787581,LogisticRegression
1,1.0,0.500241166181594,LogisticRegression
0,1.0,0.7288106619893087,LogisticRegression
1,1.0,0.7983735007847648,LogisticRegression
0,1.0,0.5033111546818421,LogisticRegression
0,0.0,0.3457310545574403,LogisticRegression
0,0.0,0.1531630842792871,LogisticRegression
0,0.0,0.3117316444713683,LogisticRegression
1,1.0,0.5807475966830262,LogisticRegression
0,1.0,0.5459661049452664,LogisticRegression
0,0.0,0.2051465150319016,LogisticRegression
0,0.0,0.2372290232221359,LogisticRegression
1,1.0,0.7021461047273885,LogisticRegression
0,0.0,0.3087922984840545,LogisticRegression
1,1.0,0.5814489370757153,LogisticRegression
0,0.0,0.2103725130982766,LogisticRegression
0,1.0,0.6294919481321599,LogisticRegression
0,0.0,0.2692496209669964,LogisticRegression
1,0.0,0.2702597609983679,LogisticRegression
0,0.0,0.2309695766870191,LogisticRegression
0,1.0,0.7579425526972744,LogisticRegression
0,1.0,0.8925203628778678,LogisticRegression
0,0.0,0.1748432077280344,LogisticRegression
0,1.0,0.874392771664634,LogisticRegression
0,0.0,0.2453028482456325,LogisticRegression
0,0.0,0.4662563433106372,LogisticRegression
0,0.0,0.1856138084188912,LogisticRegression
0,1.0,0.5184811335936983,LogisticRegression
1,1.0,0.6744592889578649,LogisticRegression
0,0.0,0.4677064319741071,LogisticRegression
0,0.0,0.2478383177036174,LogisticRegression
0,0.0,0.3860917688716438,LogisticRegression
0,0.0,0.274774834542048,LogisticRegression
0,0.0,0.4312695965022536,LogisticRegression
0,0.0,0.086166907959899,LogisticRegression
1,1.0,0.515251968806268,LogisticRegression
1,1.0,0.742893762878163,LogisticRegression
1,1.0,0.5837924664831673,LogisticRegression
0,0.0,0.2791824822250646,LogisticRegression
0,0.0,0.4354552379236055,LogisticRegression
1,1.0,0.5341608872480096,LogisticRegression
0,1.0,0.9110605818992956,LogisticRegression
1,0.0,0.3207143763264214,LogisticRegression
1,1.0,0.7350751977695371,LogisticRegression
0,1.0,0.7838443365447502,LogisticRegression
0,0.0,0.4794890240586541,LogisticRegression
0,0.0,0.1798667062183113,LogisticRegression
0,0.0,0.0803154632178323,LogisticRegression
0,1.0,0.8390514956117656,LogisticRegression
0,1.0,0.6440574622366646,LogisticRegression
0,0.0,0.3665717663511014,LogisticRegression
0,0.0,0.1685000206149001,LogisticRegression
0,0.0,0.3392214239360189,LogisticRegression
0,0.0,0.3164463581725413,LogisticRegression
0,0.0,0.4316102143542573,LogisticRegression
0,0.0,0.2730242823759631,LogisticRegression
0,0.0,0.1205012290230792,LogisticRegression
1,0.0,0.48874667814276,LogisticRegression
0,0.0,0.3896618847458706,LogisticRegression
0,0.0,0.2453007596541895,LogisticRegression
0,1.0,0.5796547068636856,LogisticRegression
1,0.0,0.46683065638139,LogisticRegression
0,0.0,0.2552571279495177,LogisticRegression
0,0.0,0.2434181078314388,LogisticRegression
0,0.0,0.2413582115253175,LogisticRegression
0,0.0,0.3931287385619412,LogisticRegression
0,0.0,0.2600122953935539,LogisticRegression
0,0.0,0.0848854807207624,LogisticRegression
0,1.0,0.7359585512382596,LogisticRegression
0,0.0,0.2492487292782111,LogisticRegression
0,0.0,0.2817066275877192,LogisticRegression
0,0.0,0.2247494912910641,LogisticRegression
0,1.0,0.6071951850601168,LogisticRegression
0,1.0,0.5810311210038501,LogisticRegression
1,0.0,0.4561438358234797,LogisticRegression
1,1.0,0.8212643412111601,LogisticRegression
1,1.0,0.6615776113716699,LogisticRegression
0,1.0,0.5539033088669545,LogisticRegression
0,0.0,0.2726010873422987,LogisticRegression
0,0.0,0.3932575628790544,LogisticRegression
0,0.0,0.394836742300713,LogisticRegression
1,1.0,0.7444815544255295,LogisticRegression
1,1.0,0.7969364696450237,LogisticRegression
0,0.0,0.4028840985645919,LogisticRegression
0,0.0,0.1305335937741638,LogisticRegression
0,0.0,0.4458573569487092,LogisticRegression
0,1.0,0.7124903875872721,LogisticRegression
0,0.0,0.3923655797709552,LogisticRegression
0,1.0,0.8322656913013782,LogisticRegression
0,1.0,0.5831099815116464,LogisticRegression
0,0.0,0.3178909327879681,LogisticRegression
0,0.0,0.4518182369827964,LogisticRegression
0,0.0,0.3131046814810018,LogisticRegression
0,0.0,0.4096037615322322,LogisticRegression
1,0.0,0.3812429546702459,LogisticRegression
0,0.0,0.19354783972651,LogisticRegression
0,0.0,0.2557201907355885,LogisticRegression
0,0.0,0.4615621450852967,LogisticRegression
0,0.0,0.3037521804002577,LogisticRegression
1,0.0,0.4634373893978534,LogisticRegression
0,0.0,0.1468479189915951,LogisticRegression
0,0.0,0.2121512788188015,LogisticRegression
0,0.0,0.335975531027491,LogisticRegression
0,0.0,0.2272853330709339,LogisticRegression
1,1.0,0.7500341360998135,LogisticRegression
0,1.0,0.5910655271436586,LogisticRegression
0,1.0,0.66691200305648,LogisticRegression
0,0.0,0.2469771381255743,LogisticRegression
1,0.0,0.2438423041972706,LogisticRegression
0,0.0,0.134753350093764,LogisticRegression
0,0.0,0.1619245769729504,LogisticRegression
0,1.0,0.5424083621633673,LogisticRegression
0,1.0,0.6781549167157024,LogisticRegression
1,1.0,0.6768100244111891,LogisticRegression
1,1.0,0.8054766916665013,LogisticRegression
0,0.0,0.1979333366939246,LogisticRegression
0,0.0,0.3828452052165894,LogisticRegression
0,0.0,0.4588988108725446,LogisticRegression
0,0.0,0.2835434147304448,LogisticRegression
0,0.0,0.4900401524767828,LogisticRegression
0,0.0,0.0908619176635647,LogisticRegression
1,0.0,0.3172558612871785,LogisticRegression
0,0.0,0.474100150964837,LogisticRegression
0,1.0,0.5058064319381612,LogisticRegression
0,1.0,0.6090531763457119,LogisticRegression
0,0.0,0.1979083420289816,LogisticRegression
0,1.0,0.9189269207169378,LogisticRegression
1,1.0,0.7805730409038805,LogisticRegression
1,1.0,0.8222197288449219,LogisticRegression
0,0.0,0.4885726856701411,LogisticRegression
0,0.0,0.251275335525715,LogisticRegression
1,1.0,0.9377030257386572,LogisticRegression
0,0.0,0.344300848852046,LogisticRegression
1,1.0,0.6336555848582998,LogisticRegression
0,0.0,0.263073170478195,LogisticRegression
1,1.0,0.7890437233986985,LogisticRegression
0,1.0,0.5885956675479269,LogisticRegression
0,0.0,0.2583733954506626,LogisticRegression
0,0.0,0.2467468812292077,LogisticRegression
0,0.0,0.475423827773392,LogisticRegression
0,0.0,0.2286427248121284,LogisticRegression
0,1.0,0.5350174780564665,LogisticRegression
0,1.0,0.813070698850543,LogisticRegression
1,1.0,0.519665627702514,LogisticRegression
1,0.0,0.3833141445271188,LogisticRegression
1,1.0,0.5273639688243809,LogisticRegression
0,0.0,0.3618188854168062,LogisticRegression
0,0.0,0.1333993709949523,LogisticRegression
0,0.0,0.4760406147614833,LogisticRegression
1,1.0,0.7551811626061968,LogisticRegression
1,1.0,0.5241823216367394,LogisticRegression
0,0.0,0.399813567847702,LogisticRegression
0,0.0,0.2450542033366081,LogisticRegression
0,0.0,0.2276366839763219,LogisticRegression
1,1.0,0.8958775285447996,LogisticRegression
0,0.0,0.4238754189126066,LogisticRegression
0,0.0,0.0935105541753817,LogisticRegression
0,0.0,0.2230139162991127,LogisticRegression
0,0.0,0.2620440782684554,LogisticRegression
0,0.0,0.2829598745508351,LogisticRegression
0,0.0,0.3814928627308506,LogisticRegression
0,0.0,0.249827333406681,LogisticRegression
0,0.0,0.4841208811646763,LogisticRegression
1,1.0,0.7557517975450224,LogisticRegression
0,1.0,0.7205330714629583,LogisticRegression
0,0.0,0.1902015082006611,LogisticRegression
0,0.0,0.318943772823927,LogisticRegression
0,0.0,0.2417877203160316,LogisticRegression
1,0.0,0.3381130292623701,LogisticRegression
0,0.0,0.4990676233341183,LogisticRegression
0,0.0,0.4692418018979482,LogisticRegression
0,0.0,0.1396419665266234,LogisticRegression
0,0.0,0.3218362113034162,LogisticRegression
0,1.0,0.7894094066026516,LogisticRegression
0,1.0,0.603393599154048,LogisticRegression
0,1.0,0.6503759914520785,LogisticRegression
0,0.0,0.3304645979969888,LogisticRegression
1,1.0,0.6969397837659519,LogisticRegression
0,0.0,0.4472439626302277,LogisticRegression
1,0.0,0.3605259138048633,LogisticRegression
0,0.0,0.3658214409571763,LogisticRegression
0,0.0,0.3271364618930256,LogisticRegression
1,1.0,0.8937509469509533,LogisticRegression
1,0.0,0.490605594905557,LogisticRegression
0,0.0,0.3882263448678253,LogisticRegression
0,0.0,0.3688788866963625,LogisticRegression
0,0.0,0.1630988579882747,LogisticRegression
1,0.0,0.1497898050269958,LogisticRegression
0,1.0,0.507204481745577,LogisticRegression
0,0.0,0.1397577156770832,LogisticRegression
0,0.0,0.1907724855530773,LogisticRegression
0,0.0,0.3979585049925105,LogisticRegression
0,1.0,0.5866797100807921,LogisticRegression
0,0.0,0.1822904886138479,LogisticRegression
0,0.0,0.3071653016883284,LogisticRegression
0,0.0,0.4419330423834224,LogisticRegression
0,1.0,0.558491061685636,LogisticRegression
1,1.0,0.867888099004079,LogisticRegression
0,1.0,0.622856484200049,LogisticRegression
0,0.0,0.4660138079955451,LogisticRegression
0,0.0,0.2195273892542182,LogisticRegression
1,0.0,0.4069961037188063,LogisticRegression
0,1.0,0.5287981415311055,LogisticRegression
0,0.0,0.2765407304223252,LogisticRegression
0,0.0,0.2910530789119335,LogisticRegression
0,1.0,0.6228298507803237,LogisticRegression
0,0.0,0.462312055246716,LogisticRegression
0,1.0,0.5326474611734568,LogisticRegression
0,0.0,0.1909117571887419,LogisticRegression
0,0.0,0.4187262536806037,LogisticRegression
1,1.0,0.5859866854954696,LogisticRegression
0,0.0,0.1829379026879128,LogisticRegression
0,0.0,0.3488929905387172,LogisticRegression
1,0.0,0.330058955107109,LogisticRegression
0,0.0,0.1350049422780258,LogisticRegression
0,0.0,0.2033710700146634,LogisticRegression
0,0.0,0.2184959776992245,LogisticRegression
0,0.0,0.4213541261414425,LogisticRegression
0,1.0,0.563458367749675,LogisticRegression
1,1.0,0.8212888901739683,LogisticRegression
0,0.0,0.337065462935298,LogisticRegression
0,0.0,0.2620411647094496,LogisticRegression
0,0.0,0.1528201311922731,LogisticRegression
0,1.0,0.5788887839706818,LogisticRegression
0,1.0,0.7893878070380572,LogisticRegression
0,0.0,0.257707492435826,LogisticRegression
0,1.0,0.5873757274106812,LogisticRegression
0,0.0,0.3325829935946097,LogisticRegression
0,1.0,0.5786285391386914,LogisticRegression
0,0.0,0.2744611207897605,LogisticRegression
1,1.0,0.7540165644929401,LogisticRegression
0,0.0,0.2355896446786219,LogisticRegression
0,1.0,0.7619255612088444,LogisticRegression
0,0.0,0.2459627071743961,LogisticRegression
0,0.0,0.2821825116945321,LogisticRegression
1,1.0,0.5320739123615862,LogisticRegression
0,0.0,0.1778222856408726,LogisticRegression
0,0.0,0.444959577128181,LogisticRegression
0,0.0,0.341660564125483,LogisticRegression
0,1.0,0.5599668160092376,LogisticRegression
0,0.0,0.3928223695354816,LogisticRegression
1,0.0,0.2536835776737292,LogisticRegression
0,0.0,0.3396805583070119,LogisticRegression
0,1.0,0.5758819265550539,LogisticRegression
0,0.0,0.3451539176650311,LogisticRegression
0,0.0,0.4867049100044376,LogisticRegression
1,1.0,0.5209519201713286,LogisticRegression
0,0.0,0.4696564856642244,LogisticRegression
0,0.0,0.2077540343633368,LogisticRegression
0,0.0,0.1706196413673334,LogisticRegression
1,1.0,0.860454921129187,LogisticRegression
0,0.0,0.333899461434483,LogisticRegression
0,0.0,0.1927944627316071,LogisticRegression
0,0.0,0.2217420101331,LogisticRegression
0,0.0,0.1279532256677209,LogisticRegression
0,0.0,0.278033462035422,LogisticRegression
0,1.0,0.5792707739597427,LogisticRegression
0,0.0,0.2672075671721582,LogisticRegression
0,1.0,0.7322326678376412,LogisticRegression
0,0.0,0.3737906312215091,LogisticRegression
0,0.0,0.2340189368879172,LogisticRegression
0,0.0,0.2858732924660181,LogisticRegression
0,0.0,0.4573682684746506,LogisticRegression
0,1.0,0.6513889142037439,LogisticRegression
1,1.0,0.5356485002253324,LogisticRegression
1,1.0,0.6165419727092164,LogisticRegression
1,1.0,0.5170837660121587,LogisticRegression
1,0.0,0.3346277504271892,LogisticRegression
0,0.0,0.4791969027669196,LogisticRegression
0,1.0,0.6836803218338792,LogisticRegression
0,0.0,0.430013581834002,LogisticRegression
0,0.0,0.4223395375923731,LogisticRegression
0,0.0,0.3758271943726099,LogisticRegression
0,0.0,0.1412449869871801,LogisticRegression
1,1.0,0.7347239955104459,LogisticRegression
0,0.0,0.426249028551604,LogisticRegression
0,1.0,0.7109670655764466,LogisticRegression
0,1.0,0.6761536386363218,LogisticRegression
0,1.0,0.6885729073713583,LogisticRegression
1,0.0,0.4468134728914195,LogisticRegression
0,0.0,0.4966983845785739,LogisticRegression
1,0.0,0.4388877687956384,LogisticRegression
0,0.0,0.1457441700403586,LogisticRegression
0,0.0,0.3871648068242908,LogisticRegression
0,0.0,0.2451127671746086,LogisticRegression
0,0.0,0.0870132362187717,LogisticRegression
1,0.0,0.4976420457523729,LogisticRegression
0,1.0,0.7835184038655274,LogisticRegression
0,0.0,0.3531954026071783,LogisticRegression
0,1.0,0.590328032769458,LogisticRegression
0,0.0,0.4896697684040447,LogisticRegression
0,0.0,0.239367208114104,LogisticRegression
1,0.0,0.4957930073226235,LogisticRegression
0,0.0,0.1684170380071371,LogisticRegression
0,0.0,0.2373173289882151,LogisticRegression
0,0.0,0.256598842925989,LogisticRegression
1,0.0,0.3592075598412518,LogisticRegression
1,0.0,0.3055474453450399,LogisticRegression
1,1.0,0.5989253567150331,LogisticRegression
0,0.0,0.2203002085159704,LogisticRegression
1,1.0,0.5142293958633675,LogisticRegression
0,0.0,0.3196001560243251,LogisticRegression
0,0.0,0.1456524030995525,LogisticRegression
0,0.0,0.2301843814472016,LogisticRegression
0,0.0,0.1312970646183137,LogisticRegression
0,0.0,0.3063167839740304,LogisticRegression
1,0.0,0.4536712539942482,LogisticRegression
1,0.0,0.4064288485240579,LogisticRegression
0,0.0,0.3183196796684396,LogisticRegression
0,0.0,0.3884222937503575,LogisticRegression
0,0.0,0.4298914750989193,LogisticRegression
1,1.0,0.590927207603327,LogisticRegression
0,1.0,0.583983682809675,LogisticRegression
0,0.0,0.4587258264278249,LogisticRegression
1,1.0,0.6562530158974909,LogisticRegression
1,1.0,0.6718481376943441,LogisticRegression
0,0.0,0.3541327612922832,LogisticRegression
0,0.0,0.348008100433899,LogisticRegression
0,1.0,0.5526315460296736,LogisticRegression
0,0.0,0.3086967564563302,LogisticRegression
1,1.0,0.8969363404762306,LogisticRegression
1,1.0,0.6856536288080138,LogisticRegression
1,1.0,0.6918925544263375,LogisticRegression
0,1.0,0.5402416801496034,LogisticRegression
0,0.0,0.4232373812787321,LogisticRegression
1,1.0,0.6094710545653932,LogisticRegression
1,1.0,0.7999291433711077,LogisticRegression
1,0.0,0.4051234677368183,LogisticRegression
0,1.0,0.9049837931573752,LogisticRegression
1,1.0,0.7708909229690115,LogisticRegression
0,0.0,0.3094997692232261,LogisticRegression
1,1.0,0.7108998115442268,LogisticRegression
0,0.0,0.2171168269469483,LogisticRegression
1,1.0,0.7703872120243442,LogisticRegression
0,1.0,0.7958266865160291,LogisticRegression
0,1.0,0.5849621197084455,LogisticRegression
0,0.0,0.2974258390902465,LogisticRegression
0,1.0,0.5828343102251665,LogisticRegression
0,1.0,0.6817669029656003,LogisticRegression
1,0.0,0.3399234391576446,LogisticRegression
0,0.0,0.4294174108872048,LogisticRegression
0,0.0,0.4030718252877852,LogisticRegression
1,1.0,0.6595181442923204,LogisticRegression
0,0.0,0.4420270487765508,LogisticRegression
1,0.0,0.0627020723168417,LogisticRegression
0,0.0,0.2619118072892431,LogisticRegression
1,1.0,0.8093117468144051,LogisticRegression
0,0.0,0.4185297302694758,LogisticRegression
0,1.0,0.7824527024012192,LogisticRegression
0,0.0,0.1597750651148404,LogisticRegression
1,1.0,0.6083374819372167,LogisticRegression
0,1.0,0.5219591868833364,LogisticRegression
0,1.0,0.5823274885442067,LogisticRegression
0,1.0,0.5554787791768749,LogisticRegression
0,1.0,0.5010145334078446,LogisticRegression
1,1.0,0.7987857562731259,LogisticRegression
0,0.0,0.4554552195369418,LogisticRegression
1,1.0,0.810525761165881,LogisticRegression
0,0.0,0.4692452107721,LogisticRegression
0,0.0,0.3628103065620848,LogisticRegression
1,1.0,0.8748432244234816,LogisticRegression
0,1.0,0.5635900904781826,LogisticRegression
0,1.0,0.5184389001524421,LogisticRegression
0,0.0,0.3140855055569079,LogisticRegression
0,0.0,0.0703580141152516,LogisticRegression
0,0.0,0.2482750210936178,LogisticRegression
1,0.0,0.2883551895511306,LogisticRegression
0,0.0,0.339658965082604,LogisticRegression
0,1.0,0.5159647118989605,LogisticRegression
0,1.0,0.6373625747362281,LogisticRegression
0,1.0,0.6608846930338959,LogisticRegression
0,1.0,0.9334339816999172,LogisticRegression
0,0.0,0.2258166533865375,LogisticRegression
1,1.0,0.7467080085432374,LogisticRegression
0,0.0,0.157774451176362,LogisticRegression
0,1.0,0.7096180445729934,LogisticRegression
0,1.0,0.5207144156733321,LogisticRegression
0,0.0,0.3446024442918441,LogisticRegression
0,1.0,0.8122370768215869,LogisticRegression
0,0.0,0.4315344478945297,LogisticRegression
0,0.0,0.1930868508548595,LogisticRegression
0,1.0,0.760030415305859,LogisticRegression
0,0.0,0.1535990952371091,LogisticRegression
0,0.0,0.1818125550414457,LogisticRegression
0,0.0,0.1496919420944175,LogisticRegression
0,0.0,0.2293379366676498,LogisticRegression
0,0.0,0.4226553029745051,LogisticRegression
0,0.0,0.2357106700124003,LogisticRegression
0,0.0,0.1217927446090294,LogisticRegression
0,0.0,0.4862313606091833,LogisticRegression
0,1.0,0.7259944900280302,LogisticRegression
0,1.0,0.6618797954240763,LogisticRegression
0,0.0,0.160292972238909,LogisticRegression
0,0.0,0.3898514003846892,LogisticRegression
0,0.0,0.2316797733733251,LogisticRegression
0,1.0,0.8161790486800315,LogisticRegression
0,0.0,0.2597316453649468,LogisticRegression
0,0.0,0.0883632396226541,LogisticRegression
0,0.0,0.4738615079307585,LogisticRegression
1,1.0,0.6237358435182979,LogisticRegression
0,0.0,0.1681260806374707,LogisticRegression
0,0.0,0.1964433548991231,LogisticRegression
0,1.0,0.6300214249630258,LogisticRegression
1,1.0,0.681768001535245,LogisticRegression
0,0.0,0.312067333313054,LogisticRegression
0,1.0,0.5433805010228477,LogisticRegression
0,0.0,0.2922021977075915,LogisticRegression
1,1.0,0.9252975655096364,LogisticRegression
1,1.0,0.5698206847355063,LogisticRegression
0,1.0,0.8078351365527835,LogisticRegression
0,1.0,0.5340137854119246,LogisticRegression
0,1.0,0.5039233453642225,LogisticRegression
0,0.0,0.13012082897115,LogisticRegression
0,0.0,0.1623661535102907,LogisticRegression
0,1.0,0.5741802307440889,LogisticRegression
0,1.0,0.6037692689338157,LogisticRegression
0,0.0,0.3970589677745678,LogisticRegression
0,0.0,0.4768880486201814,LogisticRegression
1,1.0,0.843991850152708,LogisticRegression
0,0.0,0.3515043943877254,LogisticRegression
0,1.0,0.7526442961712758,LogisticRegression
0,0.0,0.3256287057196905,LogisticRegression
0,0.0,0.4510130613075834,LogisticRegression
0,1.0,0.639142935218966,LogisticRegression
0,1.0,0.6887960760214957,LogisticRegression
0,0.0,0.4730340798558873,LogisticRegression
0,0.0,0.181351714707468,LogisticRegression
0,1.0,0.5086309906209354,LogisticRegression
0,0.0,0.4467487882729871,LogisticRegression
0,0.0,0.2900743751335083,LogisticRegression
0,0.0,0.2065535716117733,LogisticRegression
1,0.0,0.30805072874369,LogisticRegression
0,0.0,0.4564294756116673,LogisticRegression
0,0.0,0.1522941576633342,LogisticRegression
0,1.0,0.5182045501675704,LogisticRegression
0,0.0,0.46711733482093,LogisticRegression
1,1.0,0.6633478702831717,LogisticRegression
1,1.0,0.6406096218812111,LogisticRegression
0,0.0,0.1694799876364404,LogisticRegression
0,0.0,0.3154025185345142,LogisticRegression
1,0.0,0.0498264599333856,LogisticRegression
0,0.0,0.2779045481526283,LogisticRegression
1,1.0,0.5711530445782049,LogisticRegression
0,1.0,0.5503512762685452,LogisticRegression
1,0.0,0.2201888265036163,LogisticRegression
0,0.0,0.1199690346835319,LogisticRegression
0,0.0,0.4404982708987753,LogisticRegression
0,0.0,0.239626773105014,LogisticRegression
1,0.0,0.2000463825974714,LogisticRegression
0,0.0,0.2266310931246028,LogisticRegression
0,0.0,0.4613110172213618,LogisticRegression
0,0.0,0.2750235133761316,LogisticRegression
0,1.0,0.5033251922464798,LogisticRegression
1,1.0,0.5829150504315117,LogisticRegression
1,1.0,0.56759388489545,LogisticRegression
1,0.0,0.2598237896587712,LogisticRegression
0,0.0,0.1591305137339391,LogisticRegression
0,0.0,0.2059405767916093,LogisticRegression
0,1.0,0.5090189225674366,LogisticRegression
0,1.0,0.5693733457216265,LogisticRegression
0,0.0,0.3815123090288272,LogisticRegression
1,0.0,0.2434222677047304,LogisticRegression
0,0.0,0.293433431135952,LogisticRegression
0,1.0,0.7232740186845462,LogisticRegression
1,1.0,0.5401998896331724,LogisticRegression
0,0.0,0.3980316204648714,LogisticRegression
0,1.0,0.5478509419578188,LogisticRegression
0,0.0,0.1619574224353519,LogisticRegression
1,1.0,0.7225926098328028,LogisticRegression
1,1.0,0.8567486646147481,LogisticRegression
0,0.0,0.3846259218194157,LogisticRegression
0,0.0,0.1983071257911904,LogisticRegression
0,1.0,0.6741104726586743,LogisticRegression
0,0.0,0.3763794994756391,LogisticRegression
0,0.0,0.484125760159823,LogisticRegression
0,1.0,0.574495977398855,LogisticRegression
0,0.0,0.2012574556011064,LogisticRegression
0,0.0,0.1937073756926947,LogisticRegression
1,1.0,0.7362385124293704,LogisticRegression
0,0.0,0.1802654967091802,LogisticRegression
0,0.0,0.4107512674655903,LogisticRegression
0,0.0,0.1293954645139037,LogisticRegression
0,0.0,0.3790174793174378,LogisticRegression
0,0.0,0.4503053486195005,LogisticRegression
1,1.0,0.6126696615953485,LogisticRegression
0,0.0,0.2654992790674694,LogisticRegression
0,0.0,0.3203288416892015,LogisticRegression
1,1.0,0.6325362159257484,LogisticRegression
0,0.0,0.0861141483960915,LogisticRegression
0,0.0,0.3878147191360879,LogisticRegression
1,1.0,0.5483376347328311,LogisticRegression
0,1.0,0.6745217064689462,LogisticRegression
0,0.0,0.3557921711830563,LogisticRegression
0,0.0,0.3633420025509125,LogisticRegression
0,1.0,0.7269255508589305,LogisticRegression
0,0.0,0.4358643775737375,LogisticRegression
0,0.0,0.2424093181641691,LogisticRegression
1,1.0,0.6989184596624408,LogisticRegression
0,0.0,0.2038808555095824,LogisticRegression
0,1.0,0.5722210652799469,LogisticRegression
0,1.0,0.7330082398412421,LogisticRegression
0,0.0,0.2866033698681358,LogisticRegression
0,0.0,0.1630930397528678,LogisticRegression
0,0.0,0.0986710613218635,LogisticRegression
0,0.0,0.293250934493759,LogisticRegression
0,0.0,0.2310505171886133,LogisticRegression
0,0.0,0.2261310596436613,LogisticRegression
0,0.0,0.3380857842369791,LogisticRegression
1,1.0,0.6947704621366446,LogisticRegression
0,0.0,0.4360861766416838,LogisticRegression
0,0.0,0.2156379073982623,LogisticRegression
0,0.0,0.1339336072976003,LogisticRegression
0,0.0,0.3495752796999721,LogisticRegression
0,0.0,0.0966273018815813,LogisticRegression
0,0.0,0.2558955635235572,LogisticRegression
1,0.0,0.3941933909868148,LogisticRegression
0,0.0,0.4490249307435675,LogisticRegression
0,1.0,0.6072228772694225,LogisticRegression
0,0.0,0.4561408074286593,LogisticRegression
0,0.0,0.1964168560079021,LogisticRegression
0,0.0,0.2995098083237247,LogisticRegression
0,1.0,0.6286751107549287,LogisticRegression
0,0.0,0.4710207709378159,LogisticRegression
1,0.0,0.4622354468446557,LogisticRegression
0,0.0,0.2992535274866565,LogisticRegression
1,0.0,0.2795994034942951,LogisticRegression
1,1.0,0.5375337684557173,LogisticRegression
0,1.0,0.6276833830236325,LogisticRegression
0,0.0,0.1329365461178835,LogisticRegression
1,0.0,0.4877594017483159,LogisticRegression
0,1.0,0.5139224613932771,LogisticRegression
0,0.0,0.2414066779417704,LogisticRegression
0,0.0,0.4549369186897353,LogisticRegression
0,0.0,0.179534313685532,LogisticRegression
0,1.0,0.7105729619423115,LogisticRegression
0,1.0,0.7465126444018604,LogisticRegression
0,0.0,0.2400358972748784,LogisticRegression
0,0.0,0.4195729798577748,LogisticRegression
0,0.0,0.3886546417426982,LogisticRegression
0,0.0,0.3837035052815694,LogisticRegression
0,1.0,0.76174380165271,LogisticRegression
0,0.0,0.1653628354496545,LogisticRegression
0,0.0,0.3652099431109236,LogisticRegression
0,0.0,0.4031005596530228,LogisticRegression
0,0.0,0.4484489346262812,LogisticRegression
0,0.0,0.2917541211484532,LogisticRegression
0,1.0,0.585322898000376,LogisticRegression
0,1.0,0.8489271708122313,LogisticRegression
0,1.0,0.5658757326095014,LogisticRegression
0,0.0,0.2311633167838099,LogisticRegression
0,0.0,0.3824909341751366,LogisticRegression
0,0.0,0.3034662004908104,LogisticRegression
0,0.0,0.4129753770251148,LogisticRegression
1,1.0,0.8032203733307544,LogisticRegression
0,0.0,0.2792063410870876,LogisticRegression
0,1.0,0.8419022919280729,LogisticRegression
1,1.0,0.8710816258882884,LogisticRegression
1,1.0,0.91429983670153,LogisticRegression
0,0.0,0.2252002005309237,LogisticRegression
0,0.0,0.3861012857445615,LogisticRegression
0,1.0,0.573055263048088,LogisticRegression
1,0.0,0.4980038707896602,LogisticRegression
0,0.0,0.2953903987177561,LogisticRegression
0,0.0,0.292408205780493,LogisticRegression
0,0.0,0.418039023213286,LogisticRegression
0,0.0,0.2555547678311761,LogisticRegression
0,0.0,0.4293746888090842,LogisticRegression
1,1.0,0.7117789478162238,LogisticRegression
1,1.0,0.7699742451381419,LogisticRegression
0,0.0,0.3488059981464345,LogisticRegression
1,1.0,0.7665214257461692,LogisticRegression
0,0.0,0.3182107143188631,LogisticRegression
1,0.0,0.4994151641858246,LogisticRegression
0,0.0,0.1389154256669734,LogisticRegression
0,0.0,0.1550871874065151,LogisticRegression
0,0.0,0.3885189423889567,LogisticRegression
0,0.0,0.3678880882883641,LogisticRegression
0,1.0,0.5034486859092114,LogisticRegression
0,1.0,0.6020242788597597,LogisticRegression
0,0.0,0.3456504404994939,LogisticRegression
0,0.0,0.4230126281058859,LogisticRegression
1,0.0,0.4763185013009877,LogisticRegression
1,1.0,0.8544537332802433,LogisticRegression
1,1.0,0.6352913303721829,LogisticRegression
1,0.0,0.1503170484781598,LogisticRegression
0,0.0,0.2157989202757957,LogisticRegression
1,1.0,0.5523649115813067,LogisticRegression
0,0.0,0.1268164655728244,LogisticRegression
0,1.0,0.5123131050721178,LogisticRegression
0,0.0,0.4627621474741269,LogisticRegression
1,0.0,0.4599163911822125,LogisticRegression
0,0.0,0.2043431724519405,LogisticRegression
0,1.0,0.6630638768353383,LogisticRegression
0,0.0,0.3735979502822705,LogisticRegression
0,0.0,0.4211926742586658,LogisticRegression
0,0.0,0.073030156144475,LogisticRegression
0,0.0,0.1795699649295685,LogisticRegression
1,0.0,0.3892425513109194,LogisticRegression
0,0.0,0.2641353860550506,LogisticRegression
0,0.0,0.3604673765689006,LogisticRegression
0,0.0,0.3956255588825292,LogisticRegression
0,0.0,0.2137985363478791,LogisticRegression
0,0.0,0.4403280861360115,LogisticRegression
0,0.0,0.305808728905842,LogisticRegression
0,0.0,0.1040255609051394,LogisticRegression
0,0.0,0.1128070452479681,LogisticRegression
0,0.0,0.414707423659903,LogisticRegression
1,1.0,0.5681231169855396,LogisticRegression
0,0.0,0.2319023458692585,LogisticRegression
0,1.0,0.5004239822964908,LogisticRegression
0,1.0,0.7671405880305482,LogisticRegression
0,0.0,0.16599782234054,LogisticRegression
1,1.0,0.7093852014896713,LogisticRegression
0,1.0,0.5592179395599419,LogisticRegression
0,1.0,0.7338537407913232,LogisticRegression
0,1.0,0.5521457842146733,LogisticRegression
0,1.0,0.9140166319138718,LogisticRegression
0,1.0,0.7880179638832507,LogisticRegression
0,0.0,0.4919830280657848,LogisticRegression
1,0.0,0.4588000919789744,LogisticRegression
0,0.0,0.3727636536458436,LogisticRegression
0,1.0,0.6999057138269937,LogisticRegression
0,0.0,0.2931222958859993,LogisticRegression
0,1.0,0.6352380989607155,LogisticRegression
0,0.0,0.4137446660435058,LogisticRegression
0,0.0,0.2594026329736869,LogisticRegression
0,0.0,0.4731020529465456,LogisticRegression
1,1.0,0.6510768121968705,LogisticRegression
0,1.0,0.5265522919160486,LogisticRegression
1,1.0,0.8424220764301087,LogisticRegression
0,0.0,0.4857370052503876,LogisticRegression
0,1.0,0.511352196004701,LogisticRegression
1,1.0,0.7945213813797828,LogisticRegression
0,0.0,0.1208181166722236,LogisticRegression
1,1.0,0.7397642642789823,LogisticRegression
0,0.0,0.3044129661515362,LogisticRegression
0,0.0,0.3571540120306394,LogisticRegression
1,1.0,0.6448906368555669,LogisticRegression
0,0.0,0.3504908862531354,LogisticRegression
0,0.0,0.3822615353255061,LogisticRegression
0,0.0,0.1275332243681805,LogisticRegression
0,0.0,0.247044651913828,LogisticRegression
0,0.0,0.2960207979113511,LogisticRegression
0,1.0,0.7763482637709411,LogisticRegression
0,0.0,0.2380027193249241,LogisticRegression
0,0.0,0.1024949423771567,LogisticRegression
0,1.0,0.6320702862979872,LogisticRegression
0,0.0,0.2150330570354902,LogisticRegression
0,0.0,0.4088682221691535,LogisticRegression
0,0.0,0.3778490324107221,LogisticRegression
0,0.0,0.2616407741775902,LogisticRegression
0,1.0,0.6680001918863031,LogisticRegression
0,0.0,0.1424843771619236,LogisticRegression
0,1.0,0.6610776066314821,LogisticRegression
0,0.0,0.2057170380423448,LogisticRegression
0,0.0,0.4020618425790547,LogisticRegression
0,1.0,0.809929810296362,LogisticRegression
0,0.0,0.119547910475507,LogisticRegression
0,0.0,0.3399780834181376,LogisticRegression
0,0.0,0.1373581394182176,LogisticRegression
0,1.0,0.6441634553172788,LogisticRegression
0,0.0,0.0869082928733037,LogisticRegression
0,1.0,0.5023737729834348,LogisticRegression
0,0.0,0.1971705227409799,LogisticRegression
0,0.0,0.3191707496763074,LogisticRegression
0,0.0,0.4730683303052456,LogisticRegression
0,0.0,0.286471096808242,LogisticRegression
1,0.0,0.4837778449607707,LogisticRegression
1,1.0,0.6418787283592968,LogisticRegression
0,0.0,0.3314029827253151,LogisticRegression
0,0.0,0.4702781740169509,LogisticRegression
0,0.0,0.4759540260340739,LogisticRegression
0,0.0,0.1561387758945955,LogisticRegression
1,0.0,0.491160611479042,LogisticRegression
0,0.0,0.3826424977560112,LogisticRegression
0,1.0,0.5138648170843351,LogisticRegression
0,0.0,0.25408404571741,LogisticRegression
0,1.0,0.5375381952091701,LogisticRegression
0,1.0,0.6725331399991596,LogisticRegression
0,0.0,0.4313390473519404,LogisticRegression
0,1.0,0.8978807600199307,LogisticRegression
0,0.0,0.3159861998685191,LogisticRegression
0,0.0,0.4831504546307978,LogisticRegression
0,0.0,0.2678898760983242,LogisticRegression
0,0.0,0.4126067105305503,LogisticRegression
1,0.0,0.4890546134826411,LogisticRegression
1,1.0,0.5382699969665071,LogisticRegression
1,1.0,0.8659028184151539,LogisticRegression
0,0.0,0.2724520371021526,LogisticRegression
0,1.0,0.5438351742696841,LogisticRegression
0,0.0,0.397925541961188,LogisticRegression
0,0.0,0.3904033005573686,LogisticRegression
0,0.0,0.0729504706486484,LogisticRegression
0,0.0,0.214262831857937,LogisticRegression
1,0.0,0.2678331336268545,LogisticRegression
1,1.0,0.7410490744927081,LogisticRegression
0,1.0,0.6197326023255214,LogisticRegression
0,1.0,0.5312039998889223,LogisticRegression
0,0.0,0.1201333616036283,LogisticRegression
0,0.0,0.4184817962221122,LogisticRegression
0,0.0,0.3341955674978465,LogisticRegression
0,0.0,0.0404724675671241,LogisticRegression
0,1.0,0.5832634614614608,LogisticRegression
0,0.0,0.3138851701247322,LogisticRegression
0,1.0,0.8810004593017388,LogisticRegression
0,1.0,0.8122888690532822,LogisticRegression
0,1.0,0.8249294112418492,LogisticRegression
0,0.0,0.1483751594594505,LogisticRegression
0,0.0,0.2416142303165447,LogisticRegression
0,0.0,0.2756768049629029,LogisticRegression
0,0.0,0.0592751785324094,LogisticRegression
0,0.0,0.481195410066715,LogisticRegression
1,1.0,0.8025113237317059,LogisticRegression
0,0.0,0.308435569009061,LogisticRegression
0,0.0,0.055909844024611,LogisticRegression
0,1.0,0.5237093377521701,LogisticRegression
0,1.0,0.5190085020778079,LogisticRegression
0,1.0,0.7365262571493326,LogisticRegression
0,0.0,0.3093075569981943,LogisticRegression
0,0.0,0.4906441959498803,LogisticRegression
0,1.0,0.6173264579121656,LogisticRegression
1,1.0,0.6742509799748962,LogisticRegression
0,0.0,0.1958252218607353,LogisticRegression
1,1.0,0.7428042469362999,LogisticRegression
0,0.0,0.3522492979574882,LogisticRegression
0,0.0,0.3657213855380421,LogisticRegression
0,0.0,0.3756588312059632,LogisticRegression
0,0.0,0.3656116947825438,LogisticRegression
0,0.0,0.3803641062064375,LogisticRegression
0,0.0,0.3410689582214748,LogisticRegression
1,0.0,0.4898693023462743,LogisticRegression
0,0.0,0.1907014113072926,LogisticRegression
0,0.0,0.1162530838976214,LogisticRegression
0,1.0,0.6310225488976426,LogisticRegression
0,1.0,0.6622739191328437,LogisticRegression
0,0.0,0.2687568860794482,LogisticRegression
1,1.0,0.5756599297870777,LogisticRegression
1,0.0,0.2598607733158239,LogisticRegression
0,1.0,0.6339678162420375,LogisticRegression
0,0.0,0.2415156768753725,LogisticRegression
1,1.0,0.5378273209808802,LogisticRegression
0,0.0,0.2077619874194739,LogisticRegression
0,0.0,0.4537261611938542,LogisticRegression
0,0.0,0.3165002976682545,LogisticRegression
0,0.0,0.1416082188320955,LogisticRegression
0,0.0,0.4144797972496857,LogisticRegression
0,1.0,0.7080894406664144,LogisticRegression
0,0.0,0.0886788211366595,LogisticRegression
1,0.0,0.4280589414215344,LogisticRegression
0,1.0,0.5144011648820239,LogisticRegression
0,1.0,0.6842341834554105,LogisticRegression
0,0.0,0.295185493241471,LogisticRegression
0,0.0,0.487575252417156,LogisticRegression
0,1.0,0.8637433913699528,LogisticRegression
0,0.0,0.124510299315562,LogisticRegression
0,0.0,0.2569739463164179,LogisticRegression
1,1.0,0.665664065820437,LogisticRegression
1,0.0,0.4600555295161809,LogisticRegression
0,0.0,0.2959790519127263,LogisticRegression
0,0.0,0.358601991972006,LogisticRegression
0,0.0,0.4778000486740177,LogisticRegression
0,0.0,0.1961084386674626,LogisticRegression
0,0.0,0.390037971663472,LogisticRegression
1,1.0,0.5903309158065273,LogisticRegression
0,1.0,0.6514496633771636,LogisticRegression
0,0.0,0.2066389933728054,LogisticRegression
0,0.0,0.3653226123777685,LogisticRegression
1,1.0,0.90118153698158,LogisticRegression
0,0.0,0.1035475217052314,LogisticRegression
0,0.0,0.0897494288361688,LogisticRegression
1,0.0,0.3786610013901638,LogisticRegression
0,0.0,0.1033942127946685,LogisticRegression
0,0.0,0.462316041732289,LogisticRegression
0,0.0,0.4230976652348236,LogisticRegression
0,0.0,0.4128678551198026,LogisticRegression
0,0.0,0.2864114789026313,LogisticRegression
1,1.0,0.5030568072610648,LogisticRegression
0,0.0,0.2018228301756226,LogisticRegression
0,0.0,0.1917731356498004,LogisticRegression
0,0.0,0.333852169330776,LogisticRegression
0,0.0,0.169443547301466,LogisticRegression
0,0.0,0.1382808598331424,LogisticRegression
0,0.0,0.2323565186710524,LogisticRegression
1,1.0,0.6379114889596078,LogisticRegression
1,1.0,0.5487449478360067,LogisticRegression
1,0.0,0.3474460572159035,LogisticRegression
0,0.0,0.2157268062270595,LogisticRegression
0,1.0,0.5230221037383078,LogisticRegression
0,1.0,0.5452899575146689,LogisticRegression
0,0.0,0.1921578384582314,LogisticRegression
0,1.0,0.5550076325561268,LogisticRegression
0,0.0,0.3860493779488765,LogisticRegression
0,0.0,0.211668167666937,LogisticRegression
0,0.0,0.1906075059949743,LogisticRegression
0,0.0,0.2281519815382272,LogisticRegression
0,0.0,0.258909168051508,LogisticRegression
0,1.0,0.5847460037247365,LogisticRegression
0,0.0,0.3369215104316126,LogisticRegression
1,1.0,0.6382319120477578,LogisticRegression
0,1.0,0.7048292034121426,LogisticRegression
0,1.0,0.7806828284705414,LogisticRegression
1,1.0,0.8740334094881173,LogisticRegression
0,1.0,0.7009747463659435,LogisticRegression
1,1.0,0.8427329383475545,LogisticRegression
0,0.0,0.3321767623135646,LogisticRegression
0,0.0,0.2531208729353407,LogisticRegression
1,0.0,0.4517019309428413,LogisticRegression
0,0.0,0.2669899845498399,LogisticRegression
0,0.0,0.1048256932014257,LogisticRegression
0,0.0,0.0967359409769964,LogisticRegression
1,1.0,0.92386270877679,LogisticRegression
0,0.0,0.4178429170503699,LogisticRegression
0,1.0,0.5479514777854098,LogisticRegression
0,0.0,0.1528983018381445,LogisticRegression
1,1.0,0.6864901997280655,LogisticRegression
0,0.0,0.0957140946543361,LogisticRegression
0,0.0,0.3454756523492138,LogisticRegression
0,0.0,0.3479917920653788,LogisticRegression
1,1.0,0.7745648090429369,LogisticRegression
0,1.0,0.641116407629299,LogisticRegression
0,0.0,0.3293334581716853,LogisticRegression
0,0.0,0.3957401850703759,LogisticRegression
0,0.0,0.3503543409739522,LogisticRegression
0,0.0,0.2298393204457458,LogisticRegression
0,0.0,0.2352389372859709,LogisticRegression
0,0.0,0.2340955411012095,LogisticRegression
1,1.0,0.6175866845326972,LogisticRegression
0,0.0,0.3375746571728983,LogisticRegression
0,0.0,0.2272389323931535,LogisticRegression
0,0.0,0.194420474879957,LogisticRegression
0,0.0,0.3520810116614336,LogisticRegression
0,0.0,0.097568880187449,LogisticRegression
1,1.0,0.8291890373957297,LogisticRegression
0,0.0,0.4414324576358663,LogisticRegression
1,1.0,0.5313034804312431,LogisticRegression
0,0.0,0.3323373446001573,LogisticRegression
0,0.0,0.2369356165456292,LogisticRegression
0,1.0,0.5473970484416979,LogisticRegression
0,1.0,0.5426430002161501,LogisticRegression
0,0.0,0.2736428625216137,LogisticRegression
0,0.0,0.1271648115840777,LogisticRegression
0,0.0,0.4879357969097709,LogisticRegression
1,0.0,0.4912773273884597,LogisticRegression
0,1.0,0.6692251564650649,LogisticRegression
0,0.0,0.1934825756019079,LogisticRegression
0,0.0,0.2601240615868144,LogisticRegression
0,0.0,0.2221975928237581,LogisticRegression
0,0.0,0.4765184511158205,LogisticRegression
0,0.0,0.2963928037403146,LogisticRegression
1,0.0,0.49549935910094,LogisticRegression
0,0.0,0.3531660389056548,LogisticRegression
0,0.0,0.4826127729558759,LogisticRegression
0,0.0,0.1873248364775716,LogisticRegression
0,0.0,0.1641968403864581,LogisticRegression
0,0.0,0.3233788809574786,LogisticRegression
0,0.0,0.4476948264111451,LogisticRegression
1,1.0,0.8428468785986534,LogisticRegression
0,0.0,0.2556653024396569,LogisticRegression
0,0.0,0.4945406541027234,LogisticRegression
0,0.0,0.4906942512143817,LogisticRegression
0,1.0,0.7386974385712706,LogisticRegression
0,0.0,0.2104538300606577,LogisticRegression
0,0.0,0.1873430357324889,LogisticRegression
1,0.0,0.4915514875872592,LogisticRegression
0,0.0,0.4812049679156363,LogisticRegression
0,0.0,0.0804145371670927,LogisticRegression
0,1.0,0.7816669835535218,LogisticRegression
1,0.0,0.1681739210707995,LogisticRegression
1,1.0,0.6088701160448058,LogisticRegression
1,0.0,0.4956024230751461,LogisticRegression
0,1.0,0.6608884609561572,LogisticRegression
0,0.0,0.128564133012633,LogisticRegression
0,0.0,0.2837389268863053,LogisticRegression
0,1.0,0.5025458806185972,LogisticRegression
0,0.0,0.168281664428048,LogisticRegression
0,0.0,0.2348024766237525,LogisticRegression
0,0.0,0.1705508629684191,LogisticRegression
0,0.0,0.4452455330615806,LogisticRegression
0,0.0,0.2344317643584045,LogisticRegression
0,0.0,0.1780010390886212,LogisticRegression
1,1.0,0.6566141992537253,LogisticRegression
0,0.0,0.3364864633141685,LogisticRegression
0,0.0,0.1919367209656224,LogisticRegression
0,1.0,0.7024455408069057,LogisticRegression
0,0.0,0.4202679683234063,LogisticRegression
0,1.0,0.5401138854945284,LogisticRegression
0,0.0,0.4186505065942199,LogisticRegression
1,1.0,0.7610607558062865,LogisticRegression
0,0.0,0.1863696009437027,LogisticRegression
0,0.0,0.4684015803958911,LogisticRegression
0,0.0,0.3377327558446561,LogisticRegression
0,0.0,0.3879263330247182,LogisticRegression
1,1.0,0.8536915117306834,LogisticRegression
0,1.0,0.6415416806575188,LogisticRegression
0,0.0,0.4412050915364011,LogisticRegression
1,0.0,0.4475407792769401,LogisticRegression
0,1.0,0.8266294017865606,LogisticRegression
0,1.0,0.8958186633502997,LogisticRegression
0,0.0,0.2380000634911112,LogisticRegression
1,1.0,0.5232366302668903,LogisticRegression
0,0.0,0.2347761348182157,LogisticRegression
0,0.0,0.30267072691581,LogisticRegression
0,0.0,0.4536634923479511,LogisticRegression
1,1.0,0.9005319579339117,LogisticRegression
0,1.0,0.6276526493720286,LogisticRegression
0,0.0,0.1882215948573644,LogisticRegression
0,0.0,0.2649421607142701,LogisticRegression
0,1.0,0.5471385199617632,LogisticRegression
0,0.0,0.2641214947705108,LogisticRegression
0,1.0,0.5560080194237351,LogisticRegression
0,0.0,0.2557324306918109,LogisticRegression
0,0.0,0.4378075680154958,LogisticRegression
0,0.0,0.270637217096362,LogisticRegression
0,0.0,0.2609291012480126,LogisticRegression
0,0.0,0.28758848225256,LogisticRegression
0,0.0,0.1277911754303552,LogisticRegression
0,1.0,0.5575217355381146,LogisticRegression
0,0.0,0.4142102614530414,LogisticRegression
0,0.0,0.4600665705802936,LogisticRegression
1,0.0,0.4825456342733392,LogisticRegression
0,0.0,0.4740617841927638,LogisticRegression
0,1.0,0.6267651858012722,LogisticRegression
0,0.0,0.143740291148128,LogisticRegression
0,0.0,0.2189559948532847,LogisticRegression
1,1.0,0.886325186976045,LogisticRegression
0,0.0,0.2139854999701902,LogisticRegression
0,0.0,0.2398372616298867,LogisticRegression
0,0.0,0.2317865212495481,LogisticRegression
0,0.0,0.3715479758266287,LogisticRegression
0,0.0,0.1795440974144544,LogisticRegression
0,0.0,0.3731832476122898,LogisticRegression
0,0.0,0.30389287801574,LogisticRegression
0,0.0,0.4199757180464986,LogisticRegression
1,1.0,0.646431519956046,LogisticRegression
0,0.0,0.3879707068645553,LogisticRegression
0,1.0,0.573455521132782,LogisticRegression
1,1.0,0.7301336541722978,LogisticRegression
0,0.0,0.382838401212932,LogisticRegression
0,0.0,0.3745566019182251,LogisticRegression
0,0.0,0.4361541031224829,LogisticRegression
0,0.0,0.4303974826072677,LogisticRegression
0,0.0,0.3628191087249914,LogisticRegression
0,1.0,0.6054731975500913,LogisticRegression
1,0.0,0.4653746544126083,LogisticRegression
0,1.0,0.7912706394006124,LogisticRegression
1,1.0,0.5890486776850667,LogisticRegression
1,1.0,0.7235465500143424,LogisticRegression
1,0.0,0.0818812678573891,LogisticRegression
0,0.0,0.1123860469851791,LogisticRegression
0,1.0,0.6610094554261035,LogisticRegression
1,0.0,0.377676229758519,LogisticRegression
0,0.0,0.4863370931158696,LogisticRegression
1,1.0,0.6139144296706395,LogisticRegression
0,0.0,0.3281424272738314,LogisticRegression
0,1.0,0.5039320483839582,LogisticRegression
0,0.0,0.4621200948177335,LogisticRegression
0,0.0,0.1164815433485516,LogisticRegression
1,0.0,0.15216218280644,LogisticRegression
0,1.0,0.628229913760153,LogisticRegression
0,0.0,0.3199474480544837,LogisticRegression
1,0.0,0.2312177736034193,LogisticRegression
0,0.0,0.4177952528349663,LogisticRegression
0,0.0,0.3126148878825271,LogisticRegression
0,0.0,0.2611529969927917,LogisticRegression
0,0.0,0.0891460476747597,LogisticRegression
0,0.0,0.3961912817809898,LogisticRegression
0,0.0,0.3898547217065237,LogisticRegression
0,1.0,0.7166358919352895,LogisticRegression
0,0.0,0.2196880669046619,LogisticRegression
0,0.0,0.4534741591509235,LogisticRegression
0,1.0,0.5922076791067625,LogisticRegression
0,0.0,0.1775594156025945,LogisticRegression
1,1.0,0.689901205026336,LogisticRegression
0,0.0,0.2474109981222485,LogisticRegression
0,1.0,0.5718749093607032,LogisticRegression
0,1.0,0.7020520156515454,LogisticRegression
0,1.0,0.8429125221943798,LogisticRegression
0,0.0,0.1069097176579546,LogisticRegression
0,0.0,0.2106392942357878,LogisticRegression
0,1.0,0.7887380083246271,LogisticRegression
1,1.0,0.5772504425669656,LogisticRegression
0,1.0,0.637553718792651,LogisticRegression
0,1.0,0.5337721126074988,LogisticRegression
0,0.0,0.342356783558978,LogisticRegression
0,0.0,0.3152582891926379,LogisticRegression
0,1.0,0.6089389659272593,LogisticRegression
0,0.0,0.4683101808726094,LogisticRegression
0,1.0,0.5376188296481914,LogisticRegression
0,1.0,0.739640486232354,LogisticRegression
1,1.0,0.5487528415549318,LogisticRegression
0,0.0,0.4091392552505768,LogisticRegression
0,1.0,0.8208031146758598,LogisticRegression
0,0.0,0.3476092947513848,LogisticRegression
0,0.0,0.4949122523758057,LogisticRegression
0,0.0,0.2710583517182526,LogisticRegression
0,0.0,0.359017612658752,LogisticRegression
0,0.0,0.2810935340028482,LogisticRegression
0,1.0,0.502700496686975,LogisticRegression
0,1.0,0.5078193731008991,LogisticRegression
0,1.0,0.5267962335240057,LogisticRegression
0,0.0,0.3871019657720438,LogisticRegression
0,0.0,0.2945351294565507,LogisticRegression
0,0.0,0.2260632221425144,LogisticRegression
0,0.0,0.3628661538222268,LogisticRegression
0,0.0,0.3814457542833863,LogisticRegression
0,1.0,0.6700144457690629,LogisticRegression
1,1.0,0.8370391973876274,LogisticRegression
0,1.0,0.6897618889621091,LogisticRegression
0,0.0,0.4680418690771183,LogisticRegression
1,0.0,0.1662289483971615,LogisticRegression
0,0.0,0.3959401620187907,LogisticRegression
0,1.0,0.5183311382667101,LogisticRegression
0,0.0,0.1491609869256396,LogisticRegression
0,0.0,0.1576301654611891,LogisticRegression
0,1.0,0.6374151508415562,LogisticRegression
0,0.0,0.426382185549862,LogisticRegression
0,0.0,0.2197206232807578,LogisticRegression
1,1.0,0.8289809154654889,LogisticRegression
1,0.0,0.4262901658939231,LogisticRegression
1,1.0,0.5568083842991589,LogisticRegression
0,0.0,0.3588757075533151,LogisticRegression
0,0.0,0.3487699204715258,LogisticRegression
0,1.0,0.5822257243359027,LogisticRegression
1,0.0,0.2278494518435495,LogisticRegression
0,1.0,0.5934275259205282,LogisticRegression
1,1.0,0.8420845078566488,LogisticRegression
0,0.0,0.2372512473238843,LogisticRegression
1,1.0,0.6924349831093211,LogisticRegression
0,0.0,0.4388665532564161,LogisticRegression
0,0.0,0.4964371803199314,LogisticRegression
0,0.0,0.3759705630458558,LogisticRegression
1,0.0,0.3440135811017866,LogisticRegression
1,0.0,0.2189746946515539,LogisticRegression
0,0.0,0.2614528235124386,LogisticRegression
0,0.0,0.2986225804143748,LogisticRegression
1,1.0,0.5148458928688133,LogisticRegression
0,0.0,0.497116680653346,LogisticRegression
0,1.0,0.6792909024934966,LogisticRegression
1,1.0,0.7557485865287523,LogisticRegression
0,0.0,0.2200166973266403,LogisticRegression
0,0.0,0.194028809779163,LogisticRegression
0,0.0,0.3509995469693564,LogisticRegression
1,0.0,0.4869627651427906,LogisticRegression
0,0.0,0.1061314148391772,LogisticRegression
0,0.0,0.1375941529699408,LogisticRegression
1,1.0,0.7417773893974342,LogisticRegression
0,0.0,0.2231058350968767,LogisticRegression
1,1.0,0.7549761166158626,LogisticRegression
0,0.0,0.1246614361901563,LogisticRegression
0,1.0,0.810728059336359,LogisticRegression
0,0.0,0.2914875968941264,LogisticRegression
0,1.0,0.5493226275867511,LogisticRegression
0,0.0,0.4549933018496587,LogisticRegression
0,1.0,0.6336637728052776,LogisticRegression
0,1.0,0.5709959635654098,LogisticRegression
0,0.0,0.2849413160390402,LogisticRegression
0,0.0,0.1970719042927932,LogisticRegression
0,0.0,0.0715083500028924,LogisticRegression
0,0.0,0.1292939759622268,LogisticRegression
0,0.0,0.28371627038057,LogisticRegression
0,0.0,0.4388878212118552,LogisticRegression
0,0.0,0.2678354368481743,LogisticRegression
0,0.0,0.1987321222791611,LogisticRegression
0,0.0,0.4843820265744648,LogisticRegression
0,1.0,0.6584765878559331,LogisticRegression
0,0.0,0.1389647129301937,LogisticRegression
0,1.0,0.6361090878377081,LogisticRegression
0,0.0,0.1302742277362922,LogisticRegression
0,1.0,0.5799630696725819,LogisticRegression
0,1.0,0.5807753758722554,LogisticRegression
0,1.0,0.6397450978232014,LogisticRegression
0,0.0,0.1136762195004118,LogisticRegression
0,0.0,0.2147731348531589,LogisticRegression
0,0.0,0.2722601129308784,LogisticRegression
0,0.0,0.2196181104316745,LogisticRegression
0,0.0,0.110424895055971,LogisticRegression
0,1.0,0.5641188210730326,LogisticRegression
0,0.0,0.2799492170003984,LogisticRegression
0,0.0,0.3240000664408735,LogisticRegression
1,1.0,0.5221610209683816,LogisticRegression
0,0.0,0.3726067165078475,LogisticRegression
0,1.0,0.5909486972171123,LogisticRegression
1,0.0,0.4537811977356086,LogisticRegression
0,0.0,0.3195136268837814,LogisticRegression
1,1.0,0.6797044920724844,LogisticRegression
1,1.0,0.641404117162159,LogisticRegression
0,1.0,0.6497841537109915,LogisticRegression
0,0.0,0.06953589074947,LogisticRegression
0,0.0,0.4816195531227261,LogisticRegression
0,0.0,0.2982097651969156,LogisticRegression
0,0.0,0.1538573308565926,LogisticRegression
0,0.0,0.1250225537176454,LogisticRegression
0,0.0,0.4260609373065477,LogisticRegression
0,0.0,0.4450380295554251,LogisticRegression
0,0.0,0.4369707225457321,LogisticRegression
0,0.0,0.2905996295001604,LogisticRegression
0,0.0,0.3705166842339591,LogisticRegression
0,0.0,0.3576703310410806,LogisticRegression
0,1.0,0.5258700356269361,LogisticRegression
0,0.0,0.1508965682839963,LogisticRegression
0,0.0,0.2213650820751781,LogisticRegression
0,1.0,0.8961461748896388,LogisticRegression
0,0.0,0.0625384871514577,LogisticRegression
0,0.0,0.3276356412812026,LogisticRegression
0,0.0,0.3405299314618697,LogisticRegression
1,1.0,0.7363387195892948,LogisticRegression
1,0.0,0.2669438300429214,LogisticRegression
1,1.0,0.8982765674723371,LogisticRegression
1,1.0,0.7989257216962689,LogisticRegression
0,0.0,0.2520492279786279,LogisticRegression
1,0.0,0.4708027792770005,LogisticRegression
1,1.0,0.75533886166865,LogisticRegression
1,0.0,0.2496721763486695,LogisticRegression
1,0.0,0.3602119855895406,LogisticRegression
0,0.0,0.4626273020858426,LogisticRegression
1,0.0,0.4805560420732168,LogisticRegression
0,0.0,0.4627594340839898,LogisticRegression
0,0.0,0.1541019427433023,LogisticRegression
0,0.0,0.2785166581943203,LogisticRegression
0,0.0,0.4269283707098712,LogisticRegression
0,0.0,0.2805526978990785,LogisticRegression
1,1.0,0.5697525487591069,LogisticRegression
0,1.0,0.6019123775605599,LogisticRegression
0,1.0,0.5812913253876444,LogisticRegression
0,1.0,0.6899938086353254,LogisticRegression
0,0.0,0.1284002387551115,LogisticRegression
0,0.0,0.2281748640930095,LogisticRegression
0,0.0,0.4042035849520689,LogisticRegression
1,1.0,0.891537518984258,LogisticRegression
0,0.0,0.2779821705242522,LogisticRegression
0,1.0,0.6704818029005419,LogisticRegression
0,1.0,0.7274324875697344,LogisticRegression
1,1.0,0.8826920608985882,LogisticRegression
1,0.0,0.4131703750016602,LogisticRegression
1,0.0,0.2022035572843987,LogisticRegression
0,0.0,0.2424660164605349,LogisticRegression
0,0.0,0.4033894884344355,LogisticRegression
1,1.0,0.6887242051459903,LogisticRegression
0,1.0,0.5464274815372614,LogisticRegression
0,0.0,0.1458919244121335,LogisticRegression
0,0.0,0.4538000356132786,LogisticRegression
1,1.0,0.7651530977929029,LogisticRegression
0,0.0,0.3811953566973204,LogisticRegression
1,0.0,0.4884364046857188,LogisticRegression
0,0.0,0.266156272158201,LogisticRegression
0,0.0,0.4660228790474872,LogisticRegression
0,1.0,0.740359312075785,LogisticRegression
0,0.0,0.4653411346448347,LogisticRegression
0,0.0,0.3668340196854291,LogisticRegression
0,1.0,0.5552756636242349,LogisticRegression
0,1.0,0.629099697204738,LogisticRegression
0,0.0,0.2103143149596283,LogisticRegression
0,0.0,0.2123651073449165,LogisticRegression
1,0.0,0.3503658264801019,LogisticRegression
1,0.0,0.2170290564217615,LogisticRegression
1,1.0,0.785810772469052,LogisticRegression
0,0.0,0.4646153944079717,LogisticRegression
0,0.0,0.437559861491105,LogisticRegression
1,1.0,0.8391673992298425,LogisticRegression
0,0.0,0.2682967354562776,LogisticRegression
1,0.0,0.3635026614127014,LogisticRegression
0,0.0,0.1426969416676302,LogisticRegression
0,0.0,0.1990770747993794,LogisticRegression
0,1.0,0.5356757542656225,LogisticRegression
0,0.0,0.2018300083502275,LogisticRegression
0,1.0,0.7068470173928729,LogisticRegression
0,0.0,0.1454427258010944,LogisticRegression
0,0.0,0.3483645913827337,LogisticRegression
1,1.0,0.5646742779501333,LogisticRegression
1,1.0,0.943267489871854,LogisticRegression
0,1.0,0.6179172988173045,LogisticRegression
0,0.0,0.3602679242989177,LogisticRegression
0,0.0,0.4279026277948945,LogisticRegression
0,0.0,0.1915411348585469,LogisticRegression
0,0.0,0.1234568407976466,LogisticRegression
0,0.0,0.2483806218472599,LogisticRegression
0,1.0,0.6170841312437277,LogisticRegression
0,1.0,0.7902898369078621,LogisticRegression
0,0.0,0.204822031780727,LogisticRegression
0,0.0,0.2384614646731084,LogisticRegression
0,1.0,0.5624676538558042,LogisticRegression
0,0.0,0.3894635123052509,LogisticRegression
0,0.0,0.1065666539278774,LogisticRegression
0,0.0,0.0922087635245644,LogisticRegression
1,1.0,0.7346122245842006,LogisticRegression
1,1.0,0.5324209455425815,LogisticRegression
0,0.0,0.2791316477456971,LogisticRegression
0,0.0,0.4385234490214087,LogisticRegression
0,1.0,0.7194420112337268,LogisticRegression
0,0.0,0.1162651869231932,LogisticRegression
1,1.0,0.6536180388946157,LogisticRegression
0,0.0,0.4506786059905391,LogisticRegression
0,0.0,0.2739727401001217,LogisticRegression
0,0.0,0.3088617256549286,LogisticRegression
0,0.0,0.2447230992694093,LogisticRegression
0,1.0,0.7096410380526055,LogisticRegression
0,0.0,0.257638164189745,LogisticRegression
0,0.0,0.404092346532287,LogisticRegression
0,0.0,0.2222095211735286,LogisticRegression
0,0.0,0.2938239165318286,LogisticRegression
1,0.0,0.2400632877361638,LogisticRegression
0,0.0,0.4139932021411943,LogisticRegression
0,0.0,0.4040906923681799,LogisticRegression
0,1.0,0.5071523135657394,LogisticRegression
0,0.0,0.4570519961093308,LogisticRegression
0,0.0,0.2721252092177799,LogisticRegression
0,0.0,0.2814450094084829,LogisticRegression
0,1.0,0.5391244233745618,LogisticRegression
0,1.0,0.68138446250393,LogisticRegression
0,0.0,0.2220211024678222,LogisticRegression
1,1.0,0.836523347535735,LogisticRegression
0,1.0,0.6358554663547993,LogisticRegression
1,0.0,0.4999919468965833,LogisticRegression
1,1.0,0.6149767504086314,LogisticRegression
0,0.0,0.4353632926633616,LogisticRegression
0,1.0,0.5381959449132081,LogisticRegression
1,1.0,0.8089272453565894,LogisticRegression
1,0.0,0.4167090258283817,LogisticRegression
0,0.0,0.2363070213632571,LogisticRegression
0,0.0,0.350005964195885,LogisticRegression
0,0.0,0.1316382044375957,LogisticRegression
0,0.0,0.4370855142929991,LogisticRegression
0,1.0,0.7091706973607681,LogisticRegression
1,1.0,0.9549484879634942,LogisticRegression
0,0.0,0.2690731163774091,LogisticRegression
0,0.0,0.2624492854365354,LogisticRegression
1,1.0,0.6068152540875791,LogisticRegression
0,0.0,0.3269816701646243,LogisticRegression
0,0.0,0.223748353348397,LogisticRegression
0,0.0,0.1642486070426334,LogisticRegression
0,0.0,0.4888070218138092,LogisticRegression
1,1.0,0.6810984997965093,LogisticRegression
1,1.0,0.8248108289161262,LogisticRegression
0,0.0,0.2532243801717618,LogisticRegression
0,1.0,0.5432929152831381,LogisticRegression
0,1.0,0.5229236666453823,LogisticRegression
0,0.0,0.404355453596206,LogisticRegression
0,0.0,0.2177200852032387,LogisticRegression
1,0.0,0.2942621990790962,LogisticRegression
0,0.0,0.3290559921532643,LogisticRegression
0,0.0,0.1735043431850419,LogisticRegression
0,0.0,0.27073433044205,LogisticRegression
0,0.0,0.4821244555085833,LogisticRegression
1,1.0,0.7407920771360659,LogisticRegression
0,0.0,0.1009778562923007,LogisticRegression
0,1.0,0.7095432983135499,LogisticRegression
0,0.0,0.3646871201721945,LogisticRegression
1,1.0,0.7136954056735914,LogisticRegression
0,0.0,0.4785783930410497,LogisticRegression
0,0.0,0.1587125785640574,LogisticRegression
0,0.0,0.4477420055218216,LogisticRegression
0,1.0,0.521012327277659,LogisticRegression
0,1.0,0.6712410104336293,LogisticRegression
0,0.0,0.2226051718426166,LogisticRegression
0,1.0,0.7297923322373681,LogisticRegression
0,0.0,0.1563030461258077,LogisticRegression
0,1.0,0.5386113670490381,LogisticRegression
0,1.0,0.9035974101647988,LogisticRegression
0,0.0,0.1823449797001655,LogisticRegression
0,0.0,0.4491829721024793,LogisticRegression
1,0.0,0.1672631256407819,LogisticRegression
0,1.0,0.5780771152500928,LogisticRegression
0,0.0,0.4537300428313074,LogisticRegression
0,0.0,0.1205839781592459,LogisticRegression
0,0.0,0.1060370431592353,LogisticRegression
1,1.0,0.7460012543701315,LogisticRegression
0,0.0,0.1669293349901853,LogisticRegression
0,0.0,0.2546766542430926,LogisticRegression
0,1.0,0.7087473795072148,LogisticRegression
1,1.0,0.5910483147896585,LogisticRegression
0,0.0,0.2026221966311212,LogisticRegression
0,0.0,0.1558225698500583,LogisticRegression
1,1.0,0.8345399022916498,LogisticRegression
0,0.0,0.3531574548187998,LogisticRegression
0,0.0,0.1264555622755457,LogisticRegression
0,0.0,0.3672168944808417,LogisticRegression
0,0.0,0.2695281881826624,LogisticRegression
0,0.0,0.1485062635298589,LogisticRegression
0,0.0,0.2551207890098534,LogisticRegression
0,0.0,0.3946042891475599,LogisticRegression
0,1.0,0.56787442063523,LogisticRegression
0,0.0,0.4643061323030052,LogisticRegression
0,1.0,0.7275303284357553,LogisticRegression
0,0.0,0.1966316031351846,LogisticRegression
0,1.0,0.5791101082126503,LogisticRegression
0,0.0,0.4357294742024017,LogisticRegression
0,1.0,0.5585911868112938,LogisticRegression
1,0.0,0.1605221887144131,LogisticRegression
0,0.0,0.0887499573549417,LogisticRegression
1,1.0,0.6197390368793431,LogisticRegression
0,1.0,0.6216398358091473,LogisticRegression
0,0.0,0.348638564542621,LogisticRegression
0,0.0,0.388312617227016,LogisticRegression
0,0.0,0.1449167642732941,LogisticRegression
0,0.0,0.2400425731048004,LogisticRegression
0,1.0,0.6015386317508915,LogisticRegression
0,0.0,0.4352778333660754,LogisticRegression
1,0.0,0.4560575666192962,LogisticRegression
0,0.0,0.3438259483750037,LogisticRegression
0,1.0,0.6378254907999852,LogisticRegression
1,1.0,0.7319355629556299,LogisticRegression
0,0.0,0.3177522804960708,LogisticRegression
0,0.0,0.4441827238405526,LogisticRegression
0,0.0,0.2717020155614112,LogisticRegression
0,0.0,0.3717086059949087,LogisticRegression
0,1.0,0.5955085781513957,LogisticRegression
1,1.0,0.7160015017347142,LogisticRegression
0,0.0,0.0751155648802254,LogisticRegression
0,0.0,0.1353107066004339,LogisticRegression
0,0.0,0.3493565344649006,LogisticRegression
0,0.0,0.4563964602910019,LogisticRegression
0,0.0,0.1870342994399578,LogisticRegression
0,0.0,0.4172423815835488,LogisticRegression
0,0.0,0.2798117401271185,LogisticRegression
0,0.0,0.2374017976020725,LogisticRegression
0,0.0,0.2532293659018212,LogisticRegression
0,0.0,0.1321775586455159,LogisticRegression
0,0.0,0.3050934204400291,LogisticRegression
0,0.0,0.3006260418323712,LogisticRegression
1,1.0,0.694344915262346,LogisticRegression
0,0.0,0.4219041978099346,LogisticRegression
0,0.0,0.1795768508685646,LogisticRegression
0,1.0,0.5579892421438664,LogisticRegression
0,1.0,0.7306582659718692,LogisticRegression
0,1.0,0.9580073069453344,LogisticRegression
0,1.0,0.7266770240022475,LogisticRegression
0,0.0,0.3659132646707316,LogisticRegression
0,1.0,0.8176298013331991,LogisticRegression
1,1.0,0.8155483177951104,LogisticRegression
0,0.0,0.1483256216378539,LogisticRegression
0,0.0,0.4727274258717557,LogisticRegression
0,0.0,0.4321979876803425,LogisticRegression
0,1.0,0.572410342491311,LogisticRegression
0,0.0,0.306222564463255,LogisticRegression
0,0.0,0.4026620984654047,LogisticRegression
0,0.0,0.4494250671564198,LogisticRegression
0,0.0,0.1331001583647115,LogisticRegression
0,0.0,0.3641908587282879,LogisticRegression
0,0.0,0.2788035033629272,LogisticRegression
0,0.0,0.4817909528913727,LogisticRegression
0,1.0,0.7808550520463878,LogisticRegression
0,0.0,0.4955684329496587,LogisticRegression
1,1.0,0.7270805830433018,LogisticRegression
0,0.0,0.4584677760497936,LogisticRegression
0,0.0,0.2785061659785506,LogisticRegression
0,0.0,0.2198308752917214,LogisticRegression
0,0.0,0.3405305091145242,LogisticRegression
0,0.0,0.4229450595738991,LogisticRegression
0,0.0,0.1903347844256538,LogisticRegression
1,1.0,0.5802807930958009,LogisticRegression
0,0.0,0.4207506758532146,LogisticRegression
0,0.0,0.2815714291490602,LogisticRegression
0,1.0,0.5890395336799206,LogisticRegression
0,0.0,0.318496826520164,LogisticRegression
1,1.0,0.8788076668729419,LogisticRegression
0,0.0,0.2790056381725129,LogisticRegression
0,0.0,0.2299698993574955,LogisticRegression
1,1.0,0.6284536394714362,LogisticRegression
0,0.0,0.1980582940422879,LogisticRegression
1,1.0,0.8208143543454187,LogisticRegression
0,0.0,0.4298640981312505,LogisticRegression
0,1.0,0.8910008047650464,LogisticRegression
0,0.0,0.3267030195492054,LogisticRegression
0,0.0,0.1534078851935006,LogisticRegression
1,1.0,0.8008903545209297,LogisticRegression
1,1.0,0.7171256738602138,LogisticRegression
0,0.0,0.1418369818461516,LogisticRegression
1,0.0,0.432129285139444,LogisticRegression
0,0.0,0.3983166699229995,LogisticRegression
0,1.0,0.7016408163794479,LogisticRegression
1,0.0,0.1169484522473657,LogisticRegression
0,0.0,0.1356692590348819,LogisticRegression
0,1.0,0.6748079849277568,LogisticRegression
1,0.0,0.3641553787763074,LogisticRegression
0,0.0,0.4943111961607588,LogisticRegression
0,1.0,0.6666502385396216,LogisticRegression
1,1.0,0.8256344996222204,LogisticRegression
0,0.0,0.169750365713615,LogisticRegression
0,0.0,0.2411353376975006,LogisticRegression
0,0.0,0.4462829523328668,LogisticRegression
0,1.0,0.5540611061862715,LogisticRegression
0,0.0,0.448242899862,LogisticRegression
0,0.0,0.3613271463526953,LogisticRegression
0,0.0,0.3350713182374922,LogisticRegression
1,1.0,0.7578269134912058,LogisticRegression
0,1.0,0.8558819156900193,LogisticRegression
0,0.0,0.3311365836077541,LogisticRegression
0,0.0,0.3219136615861979,LogisticRegression
0,0.0,0.3307388708790536,LogisticRegression
0,0.0,0.3857773255575288,LogisticRegression
0,0.0,0.1823391616779001,LogisticRegression
0,0.0,0.464049619912281,LogisticRegression
0,0.0,0.2713901164279013,LogisticRegression
0,0.0,0.0801725790358787,LogisticRegression
0,1.0,0.7689197082187957,LogisticRegression
0,0.0,0.2975775965524072,LogisticRegression
0,0.0,0.3195135106568851,LogisticRegression
0,1.0,0.8126793685603205,LogisticRegression
0,0.0,0.2619220030398673,LogisticRegression
0,0.0,0.4692910052202517,LogisticRegression
0,0.0,0.4078732321649507,LogisticRegression
1,1.0,0.7120030335412446,LogisticRegression
0,1.0,0.831249046453161,LogisticRegression
0,0.0,0.4537197639742378,LogisticRegression
0,0.0,0.2333177390252633,LogisticRegression
0,0.0,0.2283622178185015,LogisticRegression
0,0.0,0.4851033392844439,LogisticRegression
0,0.0,0.4421509277871752,LogisticRegression
0,1.0,0.7140419565759846,LogisticRegression
0,0.0,0.3463617798530104,LogisticRegression
1,1.0,0.5932708617868616,LogisticRegression
0,0.0,0.491989848205914,LogisticRegression
0,0.0,0.3271760316745253,LogisticRegression
1,1.0,0.7181118359151784,LogisticRegression
0,0.0,0.1091726508862293,LogisticRegression
0,0.0,0.1693667079701888,LogisticRegression
0,0.0,0.2248164215981198,LogisticRegression
0,1.0,0.5244926739894874,LogisticRegression
1,1.0,0.8537851147165496,LogisticRegression
0,0.0,0.2658888707370552,LogisticRegression
0,1.0,0.8594137314330552,LogisticRegression
0,0.0,0.4551859998991611,LogisticRegression
0,0.0,0.2287008452722038,LogisticRegression
0,0.0,0.3746551707477923,LogisticRegression
0,0.0,0.3652094482260445,LogisticRegression
0,0.0,0.0778666053795806,LogisticRegression
0,1.0,0.708036384354378,LogisticRegression
0,0.0,0.1238236892827361,LogisticRegression
1,0.0,0.4298115828920391,LogisticRegression
0,1.0,0.5035737919020855,LogisticRegression
0,0.0,0.2353092820845278,LogisticRegression
0,0.0,0.2786597721282391,LogisticRegression
0,1.0,0.7645084224530838,LogisticRegression
1,0.0,0.4756348055445978,LogisticRegression
0,0.0,0.1772667599466744,LogisticRegression
0,0.0,0.3495031226419534,LogisticRegression
0,0.0,0.1957845587425523,LogisticRegression
0,1.0,0.5715543982549569,LogisticRegression
1,1.0,0.939494997277674,LogisticRegression
0,1.0,0.5146340921377779,LogisticRegression
0,0.0,0.3322706685579858,LogisticRegression
0,0.0,0.3959783954870357,LogisticRegression
1,1.0,0.886058326311038,LogisticRegression
0,0.0,0.1548003636781002,LogisticRegression
0,1.0,0.5306174791707838,LogisticRegression
0,0.0,0.2422319265251391,LogisticRegression
0,0.0,0.1757753896355638,LogisticRegression
1,1.0,0.6980815268565638,LogisticRegression
0,0.0,0.4986276920478396,LogisticRegression
1,0.0,0.3009868843925015,LogisticRegression
0,1.0,0.6922040092252673,LogisticRegression
0,0.0,0.3697425755471052,LogisticRegression
0,0.0,0.3230784242719755,LogisticRegression
1,1.0,0.8861787415432717,LogisticRegression
1,1.0,0.653196972210258,LogisticRegression
0,1.0,0.5576755934369833,LogisticRegression
0,0.0,0.4082630345054566,LogisticRegression
0,1.0,0.5730913739331289,LogisticRegression
1,1.0,0.8108103624545687,LogisticRegression
1,1.0,0.8485118008998986,LogisticRegression
0,0.0,0.4674881236774459,LogisticRegression
0,1.0,0.5553306634435227,LogisticRegression
1,0.0,0.3873460796303152,LogisticRegression
0,0.0,0.2186733441094973,LogisticRegression
0,0.0,0.2065378384029399,LogisticRegression
0,0.0,0.1937901139787943,LogisticRegression
0,0.0,0.3824657511523461,LogisticRegression
0,1.0,0.5678059969940112,LogisticRegression
0,0.0,0.1734411477361104,LogisticRegression
0,0.0,0.358621685426866,LogisticRegression
0,0.0,0.4077521703491271,LogisticRegression
0,0.0,0.2032243391537929,LogisticRegression
1,1.0,0.8185710589680607,LogisticRegression
0,0.0,0.3244391689259231,LogisticRegression
0,0.0,0.4830575905842685,LogisticRegression
1,1.0,0.5710138798737938,LogisticRegression
0,0.0,0.4158778113094499,LogisticRegression
0,1.0,0.6801430058392822,LogisticRegression
0,1.0,0.6092643834897498,LogisticRegression
0,0.0,0.4344282740766704,LogisticRegression
0,0.0,0.2664199702829802,LogisticRegression
0,0.0,0.3040327552141394,LogisticRegression
0,0.0,0.416408544260242,LogisticRegression
0,0.0,0.1834929690312545,LogisticRegression
0,0.0,0.4600823943006414,LogisticRegression
0,1.0,0.534669656445059,LogisticRegression
1,1.0,0.6691065729552871,LogisticRegression
0,0.0,0.3528484087148997,LogisticRegression
0,1.0,0.5561205711826464,LogisticRegression
0,1.0,0.5264437438676987,LogisticRegression
0,0.0,0.1933489545616585,LogisticRegression
0,0.0,0.2349673818409819,LogisticRegression
0,0.0,0.4539161063495918,LogisticRegression
0,1.0,0.5500507918525431,LogisticRegression
0,0.0,0.2405050707585174,LogisticRegression
0,0.0,0.3673533622665242,LogisticRegression
0,1.0,0.8346650233265658,LogisticRegression
0,0.0,0.3959818132475072,LogisticRegression
0,0.0,0.3217928493640054,LogisticRegression
1,1.0,0.5225614180240046,LogisticRegression
0,0.0,0.1191432794625017,LogisticRegression
0,1.0,0.7031866432873247,LogisticRegression
0,0.0,0.2882727766011236,LogisticRegression
0,0.0,0.3571481533566053,LogisticRegression
0,1.0,0.6276517732551743,LogisticRegression
0,1.0,0.7176639296762914,LogisticRegression
0,1.0,0.5880045859380281,LogisticRegression
0,0.0,0.2046428999636637,LogisticRegression
0,0.0,0.3125401838041359,LogisticRegression
0,0.0,0.3382050862905263,LogisticRegression
0,0.0,0.4130368953886612,LogisticRegression
0,0.0,0.1082120513255556,LogisticRegression
0,0.0,0.1024260233506554,LogisticRegression
0,0.0,0.4637949403900498,LogisticRegression
0,0.0,0.4503478041216826,LogisticRegression
0,0.0,0.125343779317668,LogisticRegression
0,0.0,0.4472143664329494,LogisticRegression
0,1.0,0.7279741981615642,LogisticRegression
1,1.0,0.8316257028507508,LogisticRegression
0,0.0,0.2923515910398092,LogisticRegression
1,1.0,0.5268911487399524,LogisticRegression
1,0.0,0.4384087931968031,LogisticRegression
0,0.0,0.1580205450260565,LogisticRegression
0,1.0,0.5291310392534401,LogisticRegression
0,1.0,0.5712121121432616,LogisticRegression
1,1.0,0.5159587453519414,LogisticRegression
1,0.0,0.4186201201095211,LogisticRegression
0,1.0,0.6436648576892801,LogisticRegression
1,1.0,0.9074382610072258,LogisticRegression
0,0.0,0.3976416206480795,LogisticRegression
0,0.0,0.3872656074787824,LogisticRegression
0,0.0,0.3525026223395678,LogisticRegression
0,0.0,0.283866690657157,LogisticRegression
0,1.0,0.8807933240164957,LogisticRegression
0,0.0,0.23524575985723,LogisticRegression
0,1.0,0.6587627035582653,LogisticRegression
1,1.0,0.912116971408145,LogisticRegression
0,1.0,0.5692372597116558,LogisticRegression
0,1.0,0.5333038277843097,LogisticRegression
0,0.0,0.3701426636541054,LogisticRegression
0,0.0,0.2380158100296832,LogisticRegression
0,1.0,0.8030865097779158,LogisticRegression
1,1.0,0.8243932849490496,LogisticRegression
1,0.0,0.4886944912080113,LogisticRegression
0,0.0,0.3302983355964718,LogisticRegression
0,0.0,0.4134754969338889,LogisticRegression
0,0.0,0.0852319159549694,LogisticRegression
0,0.0,0.4522055462003906,LogisticRegression
0,0.0,0.1930100344540268,LogisticRegression
1,1.0,0.8677556741401699,LogisticRegression
0,0.0,0.1922226180368549,LogisticRegression
0,0.0,0.4054879894064549,LogisticRegression
0,1.0,0.5465787492796528,LogisticRegression
0,0.0,0.4054260808230208,LogisticRegression
0,1.0,0.5412945840322374,LogisticRegression
0,1.0,0.6218367691631232,LogisticRegression
0,1.0,0.607144083975441,LogisticRegression
0,1.0,0.8940466201067305,LogisticRegression
0,0.0,0.1841008146236794,LogisticRegression
0,0.0,0.3685057971956316,LogisticRegression
0,0.0,0.3483491110022602,LogisticRegression
0,0.0,0.0983885895773581,LogisticRegression
1,0.0,0.2589639156069875,LogisticRegression
1,1.0,0.5719974262425424,LogisticRegression
0,1.0,0.5145137236843232,LogisticRegression
0,0.0,0.3556360876185901,LogisticRegression
1,1.0,0.6242526875271639,LogisticRegression
1,0.0,0.3910389107471691,LogisticRegression
1,0.0,0.4562294818564874,LogisticRegression
0,0.0,0.4487890568491638,LogisticRegression
0,0.0,0.2492964591569587,LogisticRegression
0,1.0,0.6155967377224637,LogisticRegression
0,0.0,0.2485849548302635,LogisticRegression
0,0.0,0.2013923431512909,LogisticRegression
0,0.0,0.3032886367874449,LogisticRegression
0,1.0,0.6149216746151525,LogisticRegression
0,1.0,0.7400892631348828,LogisticRegression
0,0.0,0.3814611201829412,LogisticRegression
0,0.0,0.1601710284527402,LogisticRegression
0,0.0,0.1532974548658495,LogisticRegression
0,0.0,0.1021248077791124,LogisticRegression
0,1.0,0.5725773837572302,LogisticRegression
0,0.0,0.1190128592815429,LogisticRegression
0,0.0,0.2987379896229261,LogisticRegression
1,1.0,0.8131179327261879,LogisticRegression
0,0.0,0.3514573813706151,LogisticRegression
0,0.0,0.4986698955153626,LogisticRegression
0,1.0,0.6302734501693363,LogisticRegression
1,1.0,0.5280247083493281,LogisticRegression
0,0.0,0.3124578107765937,LogisticRegression
0,0.0,0.1918541222835947,LogisticRegression
0,0.0,0.2542571752586483,LogisticRegression
1,0.0,0.3648769939166577,LogisticRegression
0,0.0,0.2712384105318315,LogisticRegression
1,1.0,0.7934904640470457,LogisticRegression
1,1.0,0.8240896315654663,LogisticRegression
0,0.0,0.1672639604775098,LogisticRegression
0,1.0,0.6918411260912831,LogisticRegression
0,0.0,0.406034128100645,LogisticRegression
0,0.0,0.4752891422591974,LogisticRegression
0,1.0,0.5254853627311155,LogisticRegression
0,0.0,0.4096620613851639,LogisticRegression
0,0.0,0.1928127092456835,LogisticRegression
0,0.0,0.3859077860914561,LogisticRegression
0,0.0,0.1266455776587548,LogisticRegression
0,0.0,0.2444086590830982,LogisticRegression
1,1.0,0.81162773790735,LogisticRegression
0,1.0,0.6416322245109571,LogisticRegression
1,1.0,0.6737028908010578,LogisticRegression
0,0.0,0.4691522707883707,LogisticRegression
0,0.0,0.3118298582890388,LogisticRegression
0,1.0,0.5570808724972665,LogisticRegression
0,0.0,0.4234352551531372,LogisticRegression
0,0.0,0.3435944560591722,LogisticRegression
0,0.0,0.2970684069351921,LogisticRegression
0,0.0,0.4511892119378292,LogisticRegression
1,1.0,0.551385302389743,LogisticRegression
0,1.0,0.6254492496072374,LogisticRegression
0,0.0,0.2069398192505249,LogisticRegression
0,0.0,0.40853252651088,LogisticRegression
0,0.0,0.2583933826917738,LogisticRegression
0,0.0,0.2273916899191926,LogisticRegression
0,0.0,0.3066567542076526,LogisticRegression
0,1.0,0.5375593364770498,LogisticRegression
1,0.0,0.1801735561842143,LogisticRegression
0,0.0,0.2091722952803087,LogisticRegression
0,1.0,0.6433711430079723,LogisticRegression
0,0.0,0.1718641840878197,LogisticRegression
0,1.0,0.7860469253878403,LogisticRegression
1,0.0,0.3407147707623316,LogisticRegression
1,1.0,0.6762923525338679,LogisticRegression
0,0.0,0.174458318545425,LogisticRegression
1,0.0,0.4178549604915873,LogisticRegression
1,0.0,0.3916028776694216,LogisticRegression
0,1.0,0.8533554156815022,LogisticRegression
1,0.0,0.1509436091168019,LogisticRegression
0,0.0,0.416957788333284,LogisticRegression
0,0.0,0.225586605626077,LogisticRegression
0,0.0,0.190860249579971,LogisticRegression
0,0.0,0.1782450276646058,LogisticRegression
0,0.0,0.1222408977467953,LogisticRegression
0,0.0,0.4201592957883707,LogisticRegression
0,1.0,0.7246288038773996,LogisticRegression
0,0.0,0.49009165154513,LogisticRegression
0,0.0,0.2903723248659389,LogisticRegression
0,0.0,0.4725723363259644,LogisticRegression
0,0.0,0.3100438619509393,LogisticRegression
0,0.0,0.4003603432652463,LogisticRegression
0,0.0,0.3879486169191483,LogisticRegression
0,0.0,0.1054213791679936,LogisticRegression
0,0.0,0.098504189982633,LogisticRegression
1,1.0,0.7091687704098133,LogisticRegression
0,0.0,0.3537543316013192,LogisticRegression
0,0.0,0.3352797807878627,LogisticRegression
0,1.0,0.6683064244508838,LogisticRegression
0,0.0,0.3681674276583581,LogisticRegression
0,0.0,0.3637924899491978,LogisticRegression
0,0.0,0.4797928227489816,LogisticRegression
1,1.0,0.8980208208838574,LogisticRegression
1,1.0,0.7218854001987924,LogisticRegression
1,0.0,0.4944752130431825,LogisticRegression
0,0.0,0.2074435673284436,LogisticRegression
0,0.0,0.4150374802191184,LogisticRegression
0,0.0,0.1595570300181055,LogisticRegression
0,0.0,0.444834535015629,LogisticRegression
0,1.0,0.5633180589085074,LogisticRegression
0,1.0,0.7712674552030399,LogisticRegression
1,0.0,0.4163876876061699,LogisticRegression
0,0.0,0.1090134992275504,LogisticRegression
0,1.0,0.5700771579917523,LogisticRegression
0,1.0,0.7997335836376956,LogisticRegression
1,1.0,0.5358436689984922,LogisticRegression
0,0.0,0.1115495640207382,LogisticRegression
0,0.0,0.1300617029349288,LogisticRegression
0,1.0,0.7782340674000094,LogisticRegression
1,1.0,0.7608589459107071,LogisticRegression
0,0.0,0.2661842428241092,LogisticRegression
0,1.0,0.6838929984700948,LogisticRegression
0,0.0,0.481561361309032,LogisticRegression
0,0.0,0.2391434766733254,LogisticRegression
0,0.0,0.2184327853551303,LogisticRegression
0,0.0,0.4504618357791363,LogisticRegression
0,0.0,0.3009562611487565,LogisticRegression
0,0.0,0.359206406423487,LogisticRegression
0,0.0,0.292076641373435,LogisticRegression
0,0.0,0.4386192923152087,LogisticRegression
0,0.0,0.4387898237216908,LogisticRegression
0,0.0,0.4985059044537321,LogisticRegression
0,1.0,0.6349390541477558,LogisticRegression
1,1.0,0.6147978440701353,LogisticRegression
1,0.0,0.3921830281914852,LogisticRegression
0,0.0,0.0930390848241077,LogisticRegression
0,1.0,0.5545267484402289,LogisticRegression
1,0.0,0.458574548898741,LogisticRegression
0,0.0,0.4665339991820048,LogisticRegression
1,0.0,0.3816916241633684,LogisticRegression
1,1.0,0.875497789982183,LogisticRegression
1,0.0,0.052230470118172,LogisticRegression
0,0.0,0.3325109470185684,LogisticRegression
0,1.0,0.6188141779851413,LogisticRegression
0,0.0,0.2557139145398035,LogisticRegression
0,1.0,0.6920097992105995,LogisticRegression
0,0.0,0.212355624791406,LogisticRegression
0,0.0,0.0717086456266947,LogisticRegression
0,1.0,0.5498555134354224,LogisticRegression
0,0.0,0.3263497500475746,LogisticRegression
1,1.0,0.5780420653042835,LogisticRegression
1,1.0,0.5562792386097919,LogisticRegression
1,1.0,0.7122007561738131,LogisticRegression
0,1.0,0.8849360633697232,LogisticRegression
0,0.0,0.3151437662526792,LogisticRegression
0,0.0,0.3068226884412457,LogisticRegression
0,1.0,0.7181141258690197,LogisticRegression
0,0.0,0.4855177623526217,LogisticRegression
0,0.0,0.2409989820979819,LogisticRegression
0,0.0,0.2729722497436171,LogisticRegression
0,0.0,0.1783133666331012,LogisticRegression
0,0.0,0.1208707436173062,LogisticRegression
0,1.0,0.5964046945724071,LogisticRegression
0,0.0,0.3318765165438833,LogisticRegression
0,0.0,0.194722451228579,LogisticRegression
0,0.0,0.289331939012253,LogisticRegression
0,1.0,0.758722388749749,LogisticRegression
0,0.0,0.2140280648400777,LogisticRegression
0,0.0,0.1560407365612992,LogisticRegression
0,1.0,0.8410314252232145,LogisticRegression
0,0.0,0.2467730498788505,LogisticRegression
0,0.0,0.4616153396567729,LogisticRegression
0,0.0,0.3360715287466157,LogisticRegression
0,1.0,0.7320551291167132,LogisticRegression
0,0.0,0.2957354525263634,LogisticRegression
0,1.0,0.8560358091722469,LogisticRegression
0,0.0,0.2486590370802963,LogisticRegression
0,1.0,0.563304663849215,LogisticRegression
0,0.0,0.36579105816794,LogisticRegression
0,0.0,0.0637608074994298,LogisticRegression
0,0.0,0.342880075131718,LogisticRegression
0,0.0,0.4604729636925411,LogisticRegression
0,0.0,0.3097674055858077,LogisticRegression
0,0.0,0.4326560885396354,LogisticRegression
0,0.0,0.2839836348440054,LogisticRegression
0,0.0,0.2465095067360426,LogisticRegression
0,1.0,0.5832253314018898,LogisticRegression
0,0.0,0.3048309321205427,LogisticRegression
0,0.0,0.175544950083794,LogisticRegression
0,1.0,0.5051846530788768,LogisticRegression
0,0.0,0.3631572027790528,LogisticRegression
1,1.0,0.8020823257053489,LogisticRegression
0,0.0,0.1111528674316265,LogisticRegression
0,0.0,0.2949105648092902,LogisticRegression
0,0.0,0.1532908757891611,LogisticRegression
0,1.0,0.7578179325982779,LogisticRegression
0,0.0,0.4067924527441531,LogisticRegression
1,1.0,0.8902068402174477,LogisticRegression
0,0.0,0.468535365225266,LogisticRegression
1,0.0,0.3914055340905146,LogisticRegression
0,1.0,0.5593512133765018,LogisticRegression
0,1.0,0.8336992308683326,LogisticRegression
0,0.0,0.4319931338821496,LogisticRegression
0,0.0,0.2765285266769746,LogisticRegression
0,0.0,0.4356371984836132,LogisticRegression
0,1.0,0.7784723678234864,LogisticRegression
0,0.0,0.418258086970098,LogisticRegression
0,0.0,0.22951727431348,LogisticRegression
0,0.0,0.2967226040727539,LogisticRegression
1,1.0,0.5134994353988374,LogisticRegression
0,0.0,0.3035686690012094,LogisticRegression
0,1.0,0.5148066527966673,LogisticRegression
0,1.0,0.5695737395415958,LogisticRegression
0,0.0,0.2764717134871898,LogisticRegression
0,0.0,0.3554352803473118,LogisticRegression
0,1.0,0.5218676340843923,LogisticRegression
0,0.0,0.4040868961143873,LogisticRegression
0,0.0,0.328013587688676,LogisticRegression
0,0.0,0.267443160842359,LogisticRegression
0,0.0,0.4211078501921096,LogisticRegression
1,1.0,0.7145765419328811,LogisticRegression
1,1.0,0.5362243778685665,LogisticRegression
0,0.0,0.4652700805936375,LogisticRegression
0,0.0,0.2666644696978834,LogisticRegression
0,0.0,0.4566389867258229,LogisticRegression
0,0.0,0.3005616401853617,LogisticRegression
0,0.0,0.3291002185089784,LogisticRegression
0,0.0,0.075368926628933,LogisticRegression
0,0.0,0.222509054350332,LogisticRegression
0,0.0,0.1322663662252187,LogisticRegression
0,0.0,0.3899018560801821,LogisticRegression
0,0.0,0.2221899295116043,LogisticRegression
0,0.0,0.2358510562506077,LogisticRegression
0,1.0,0.8087558168637252,LogisticRegression
0,0.0,0.3661592390264068,LogisticRegression
0,0.0,0.4594783350996625,LogisticRegression
0,1.0,0.8179066586031155,LogisticRegression
1,0.0,0.3598780949840724,LogisticRegression
1,1.0,0.8122150925317891,LogisticRegression
0,0.0,0.2659098001326865,LogisticRegression
0,1.0,0.5552022556683003,LogisticRegression
0,1.0,0.6021135249701142,LogisticRegression
0,0.0,0.3352198758517023,LogisticRegression
0,0.0,0.1005760664007334,LogisticRegression
1,1.0,0.7026640707082231,LogisticRegression
0,0.0,0.2636276702892586,LogisticRegression
0,0.0,0.4817206950266731,LogisticRegression
0,0.0,0.1734202163100872,LogisticRegression
0,0.0,0.3852968236710875,LogisticRegression
0,1.0,0.7150535388223769,LogisticRegression
0,0.0,0.478888301184196,LogisticRegression
1,0.0,0.4784707093507596,LogisticRegression
0,0.0,0.2524943728640781,LogisticRegression
0,0.0,0.4165290790033068,LogisticRegression
0,0.0,0.187995914514378,LogisticRegression
0,1.0,0.5436984115069148,LogisticRegression
1,0.0,0.4984619638906745,LogisticRegression
1,1.0,0.63992965979048,LogisticRegression
0,0.0,0.186428233757917,LogisticRegression
0,0.0,0.3476379891336704,LogisticRegression
0,1.0,0.7547779644946395,LogisticRegression
0,0.0,0.1543770265774137,LogisticRegression
0,0.0,0.1193548718974046,LogisticRegression
0,0.0,0.1553230687014366,LogisticRegression
1,0.0,0.4533283550105356,LogisticRegression
0,0.0,0.1063345912988368,LogisticRegression
1,0.0,0.349363826978298,LogisticRegression
0,0.0,0.4035322635274502,LogisticRegression
0,1.0,0.578146882165098,LogisticRegression
0,0.0,0.3584493736040101,LogisticRegression
0,1.0,0.5266022833701586,LogisticRegression
0,1.0,0.7029928683456057,LogisticRegression
1,1.0,0.5109503664918055,LogisticRegression
0,0.0,0.4603856189318502,LogisticRegression
0,0.0,0.1862579777972606,LogisticRegression
0,1.0,0.5540465398407972,LogisticRegression
0,0.0,0.2703276469505281,LogisticRegression
0,0.0,0.1053157988822939,LogisticRegression
0,0.0,0.4189688768908811,LogisticRegression
0,0.0,0.2371999803689594,LogisticRegression
0,0.0,0.320872969980759,LogisticRegression
1,1.0,0.8070978150526533,LogisticRegression
0,0.0,0.2121836450620694,LogisticRegression
1,0.0,0.4091396630172271,LogisticRegression
0,0.0,0.2243486273061872,LogisticRegression
0,1.0,0.9558087114531126,LogisticRegression
0,0.0,0.0707295994531493,LogisticRegression
0,0.0,0.3773989673467087,LogisticRegression
1,0.0,0.2780478773667293,LogisticRegression
0,0.0,0.4154913907330299,LogisticRegression
0,1.0,0.5845625409880966,LogisticRegression
0,0.0,0.2432032373213124,LogisticRegression
0,0.0,0.3874618859948433,LogisticRegression
1,0.0,0.4370803077911648,LogisticRegression
0,0.0,0.3885456034975296,LogisticRegression
0,1.0,0.5500337150893088,LogisticRegression
0,0.0,0.1227057287779503,LogisticRegression
0,0.0,0.146045751525781,LogisticRegression
0,1.0,0.5938282730133089,LogisticRegression
0,0.0,0.3852284302438766,LogisticRegression
0,0.0,0.2287921321994618,LogisticRegression
0,0.0,0.220252622943931,LogisticRegression
0,0.0,0.3779067755060364,LogisticRegression
0,0.0,0.2744539142957097,LogisticRegression
1,1.0,0.8814524103293067,LogisticRegression
0,0.0,0.4103042471141106,LogisticRegression
0,1.0,0.5228555349563705,LogisticRegression
0,0.0,0.1471152153180952,LogisticRegression
0,0.0,0.3354963752330255,LogisticRegression
1,1.0,0.6544166443565227,LogisticRegression
0,0.0,0.3217517569376648,LogisticRegression
0,0.0,0.1754171542607393,LogisticRegression
0,0.0,0.3476831313678202,LogisticRegression
1,0.0,0.3496469188370507,LogisticRegression
0,0.0,0.1630300110018615,LogisticRegression
0,0.0,0.3450103024793566,LogisticRegression
0,1.0,0.6834531675026123,LogisticRegression
0,0.0,0.0524196274055416,RandomForest
0,0.0,0.0504936462335295,RandomForest
0,0.0,0.0538606965226221,RandomForest
0,0.0,0.0650043260072114,RandomForest
1,0.0,0.4259808345829177,RandomForest
1,0.0,0.4886264670368295,RandomForest
0,0.0,0.0725561557503468,RandomForest
0,0.0,0.1410021272546111,RandomForest
1,0.0,0.1753821279072424,RandomForest
1,1.0,0.5938472397928483,RandomForest
0,0.0,0.214709661633299,RandomForest
0,0.0,0.1914651737012378,RandomForest
0,0.0,0.0973311629377117,RandomForest
0,0.0,0.2136503299700416,RandomForest
0,0.0,0.0949974590447855,RandomForest
0,0.0,0.1141153205426553,RandomForest
0,0.0,0.1075566902588469,RandomForest
0,0.0,0.1036954607255152,RandomForest
0,0.0,0.2325864030606773,RandomForest
0,0.0,0.1003271067340034,RandomForest
0,0.0,0.1920460388007645,RandomForest
0,0.0,0.1442888497809367,RandomForest
0,0.0,0.0933014453829087,RandomForest
0,0.0,0.0945568294222427,RandomForest
0,0.0,0.1283500467694884,RandomForest
0,0.0,0.1407368705121559,RandomForest
0,0.0,0.0723191189388228,RandomForest
0,0.0,0.3836168985733494,RandomForest
0,0.0,0.0905730197689381,RandomForest
0,0.0,0.4331437199061569,RandomForest
0,0.0,0.4255910873649977,RandomForest
1,0.0,0.4089712444778922,RandomForest
1,0.0,0.0600966561196307,RandomForest
0,0.0,0.0610669126645012,RandomForest
0,0.0,0.1344767360520328,RandomForest
0,0.0,0.0721348898211657,RandomForest
0,0.0,0.2357627925089381,RandomForest
0,0.0,0.0406790590537756,RandomForest
0,0.0,0.0423642890681955,RandomForest
0,0.0,0.0398498223677593,RandomForest
0,0.0,0.07147947720074,RandomForest
0,0.0,0.0391448210193536,RandomForest
1,1.0,0.8048841223228879,RandomForest
0,0.0,0.3989171249747575,RandomForest
0,0.0,0.3440933869962213,RandomForest
0,0.0,0.0884801701381963,RandomForest
1,0.0,0.3053551671418111,RandomForest
0,0.0,0.0966787227395824,RandomForest
0,0.0,0.1957311906003097,RandomForest
0,0.0,0.0365105751421483,RandomForest
1,0.0,0.1961322453697296,RandomForest
0,0.0,0.1061725256277735,RandomForest
0,1.0,0.7031105379239434,RandomForest
0,0.0,0.0643895769789863,RandomForest
1,1.0,0.5317122719250513,RandomForest
0,0.0,0.2133734893898856,RandomForest
0,0.0,0.0589045380056524,RandomForest
1,0.0,0.1921841193965827,RandomForest
0,0.0,0.1011553751664299,RandomForest
1,1.0,0.8634960366176087,RandomForest
0,0.0,0.1348569869727516,RandomForest
0,0.0,0.0573736698843303,RandomForest
0,0.0,0.0523318921232561,RandomForest
0,0.0,0.0439556514471563,RandomForest
1,0.0,0.4248848522821311,RandomForest
0,0.0,0.255725247224297,RandomForest
0,0.0,0.0835288356590643,RandomForest
0,0.0,0.1088045616674417,RandomForest
1,1.0,0.5226932826326084,RandomForest
0,0.0,0.1020308651271472,RandomForest
1,0.0,0.1747053812834704,RandomForest
0,0.0,0.0736178017442752,RandomForest
0,0.0,0.445717190561586,RandomForest
0,0.0,0.0360751939331896,RandomForest
1,1.0,0.5929325100465208,RandomForest
0,0.0,0.0348305936856513,RandomForest
0,0.0,0.2924014455685197,RandomForest
0,0.0,0.0882820864399144,RandomForest
0,0.0,0.026378241497717,RandomForest
0,0.0,0.1329182221836465,RandomForest
0,0.0,0.1017247396351792,RandomForest
0,0.0,0.2341595918500965,RandomForest
0,0.0,0.0350129965082957,RandomForest
0,0.0,0.1405879471481918,RandomForest
1,0.0,0.2728381947754763,RandomForest
0,0.0,0.0777775313082081,RandomForest
0,0.0,0.0766188931570868,RandomForest
0,0.0,0.0779744364621975,RandomForest
0,0.0,0.0652960683068038,RandomForest
0,0.0,0.0989406576735292,RandomForest
0,0.0,0.0232108484028257,RandomForest
1,0.0,0.4531493254268836,RandomForest
1,0.0,0.3348215837136535,RandomForest
1,0.0,0.2509491909278143,RandomForest
0,0.0,0.0408048501811451,RandomForest
0,0.0,0.0736866294321551,RandomForest
1,1.0,0.8145632566860402,RandomForest
0,0.0,0.130015066490744,RandomForest
1,0.0,0.0944861013609245,RandomForest
1,1.0,0.6152652048124949,RandomForest
0,0.0,0.3659866699417212,RandomForest
0,0.0,0.0876145965766574,RandomForest
0,0.0,0.0450236246630972,RandomForest
0,0.0,0.0190979244758317,RandomForest
0,0.0,0.2386903720476169,RandomForest
0,0.0,0.1164510466197646,RandomForest
0,0.0,0.1093255768349363,RandomForest
0,0.0,0.031552894329246,RandomForest
0,0.0,0.0539505582074291,RandomForest
0,0.0,0.0450452830275231,RandomForest
0,0.0,0.0838769393545813,RandomForest
0,0.0,0.0560925606578451,RandomForest
0,0.0,0.0339163898170428,RandomForest
1,0.0,0.2342817999828875,RandomForest
0,0.0,0.1325115244450803,RandomForest
0,0.0,0.0562632131295401,RandomForest
0,0.0,0.1950129320369635,RandomForest
1,1.0,0.8960885344502738,RandomForest
0,0.0,0.0797602267933066,RandomForest
0,0.0,0.0890075652935683,RandomForest
0,0.0,0.0718519699376584,RandomForest
0,0.0,0.08865575519188,RandomForest
0,0.0,0.0677648463370398,RandomForest
0,0.0,0.0283822382586334,RandomForest
0,0.0,0.3655007717421378,RandomForest
0,0.0,0.0898173852974933,RandomForest
0,0.0,0.0753620336082552,RandomForest
0,0.0,0.0629550357620069,RandomForest
0,0.0,0.2402046278204831,RandomForest
0,0.0,0.0751162660562322,RandomForest
1,1.0,0.6471876792489573,RandomForest
1,1.0,0.898075683924888,RandomForest
1,0.0,0.1556987864703505,RandomForest
0,0.0,0.2247675562174245,RandomForest
0,0.0,0.1100232097947331,RandomForest
0,0.0,0.1034648286089493,RandomForest
0,0.0,0.1950823493457701,RandomForest
1,1.0,0.5557590129132454,RandomForest
1,1.0,0.7917793496335145,RandomForest
0,0.0,0.099398732913428,RandomForest
0,0.0,0.0338014896334723,RandomForest
0,0.0,0.1990061401311675,RandomForest
0,0.0,0.4930127949937137,RandomForest
0,0.0,0.1233686585824733,RandomForest
0,1.0,0.7236632340164664,RandomForest
0,0.0,0.3250375522067593,RandomForest
0,0.0,0.1291974134622474,RandomForest
0,0.0,0.1351404441313224,RandomForest
0,0.0,0.075387774980369,RandomForest
0,0.0,0.1144697483383714,RandomForest
1,0.0,0.1393895658478572,RandomForest
0,0.0,0.1357184973532529,RandomForest
0,0.0,0.0897372494542307,RandomForest
0,0.0,0.1233150257115413,RandomForest
0,0.0,0.0401347372433355,RandomForest
1,0.0,0.4352718770994764,RandomForest
0,0.0,0.0452784770349388,RandomForest
0,0.0,0.1105173251361755,RandomForest
0,0.0,0.0898726610578879,RandomForest
0,0.0,0.0541097816307842,RandomForest
1,1.0,0.6259829897166962,RandomForest
0,0.0,0.2182345807064491,RandomForest
0,0.0,0.3787209208945232,RandomForest
0,0.0,0.0830253140342075,RandomForest
1,0.0,0.0392253354110657,RandomForest
0,0.0,0.1416349779427381,RandomForest
0,0.0,0.0463982085444374,RandomForest
0,0.0,0.2001834024890575,RandomForest
0,0.0,0.2716247958908499,RandomForest
1,0.0,0.1480522359663696,RandomForest
1,1.0,0.6694681577188368,RandomForest
0,0.0,0.0756654849107371,RandomForest
0,0.0,0.0544887173575972,RandomForest
0,0.0,0.1065090252297915,RandomForest
0,0.0,0.0324956686793778,RandomForest
0,0.0,0.2472937056680117,RandomForest
0,0.0,0.0364170026147176,RandomForest
1,0.0,0.0408193924308143,RandomForest
0,0.0,0.15196554419736,RandomForest
0,0.0,0.1606206454175029,RandomForest
0,0.0,0.0897501282526435,RandomForest
0,0.0,0.0282539015189142,RandomForest
0,1.0,0.7468323727124598,RandomForest
1,1.0,0.5980797255656133,RandomForest
1,1.0,0.5268828546628768,RandomForest
0,0.0,0.239412883359828,RandomForest
0,0.0,0.0409253143491443,RandomForest
1,1.0,0.6903146534589433,RandomForest
0,0.0,0.0387569795178639,RandomForest
1,0.0,0.4331263172151934,RandomForest
0,0.0,0.0557487544718786,RandomForest
1,1.0,0.908907378404594,RandomForest
0,0.0,0.2182162626726298,RandomForest
0,0.0,0.096242428622813,RandomForest
0,0.0,0.0776619196271797,RandomForest
0,0.0,0.0926212758817901,RandomForest
0,0.0,0.0633587009345284,RandomForest
0,0.0,0.1568872895943738,RandomForest
0,1.0,0.629358131418396,RandomForest
1,0.0,0.1177477887611384,RandomForest
1,0.0,0.3534341801550126,RandomForest
1,1.0,0.7908897844096004,RandomForest
0,0.0,0.0901971613521119,RandomForest
0,0.0,0.0255000403662474,RandomForest
0,0.0,0.0998566829657219,RandomForest
1,0.0,0.4510541200207897,RandomForest
1,0.0,0.119886899527362,RandomForest
0,0.0,0.1104201556341418,RandomForest
0,0.0,0.1265487010407505,RandomForest
0,0.0,0.107471407343679,RandomForest
1,1.0,0.8349809645674422,RandomForest
0,0.0,0.2133711156977143,RandomForest
0,0.0,0.0535742661202251,RandomForest
0,0.0,0.0668664445240026,RandomForest
0,0.0,0.040582314249525,RandomForest
0,0.0,0.0730363901875716,RandomForest
0,0.0,0.1187101045679759,RandomForest
0,0.0,0.0668313273404297,RandomForest
0,0.0,0.0676927697982555,RandomForest
1,1.0,0.7468513702405553,RandomForest
0,0.0,0.1422731853929535,RandomForest
0,0.0,0.0438553854017174,RandomForest
0,0.0,0.0730742050635727,RandomForest
0,0.0,0.0830327929357516,RandomForest
1,0.0,0.1545417681618124,RandomForest
0,0.0,0.0653881443854977,RandomForest
0,0.0,0.0851582272698099,RandomForest
0,0.0,0.029418345031207,RandomForest
0,0.0,0.11331618663108,RandomForest
0,0.0,0.0512334949091105,RandomForest
0,0.0,0.2217137553593483,RandomForest
0,0.0,0.3306876300433533,RandomForest
0,0.0,0.1258160710731208,RandomForest
1,0.0,0.2961659032869425,RandomForest
0,0.0,0.1056299978468268,RandomForest
1,0.0,0.1359722754648261,RandomForest
0,0.0,0.1807482152884299,RandomForest
0,0.0,0.1199984718062765,RandomForest
1,1.0,0.7571005527720838,RandomForest
1,0.0,0.1079184154763644,RandomForest
0,0.0,0.1196942057478396,RandomForest
0,0.0,0.1171528461867547,RandomForest
0,0.0,0.0563977984547802,RandomForest
1,0.0,0.0390578385957721,RandomForest
0,0.0,0.1158503257769406,RandomForest
0,0.0,0.0954176233578465,RandomForest
0,0.0,0.0332643037940193,RandomForest
0,0.0,0.087290889426874,RandomForest
0,0.0,0.1046423888877869,RandomForest
0,0.0,0.136183604125804,RandomForest
0,0.0,0.0575460973252192,RandomForest
0,0.0,0.1907769879184073,RandomForest
0,0.0,0.229991304092808,RandomForest
1,1.0,0.7431980547246528,RandomForest
0,0.0,0.1459220290485942,RandomForest
0,0.0,0.1061034382088642,RandomForest
0,0.0,0.0527630777864394,RandomForest
1,0.0,0.1766377056794174,RandomForest
0,0.0,0.1247527312304532,RandomForest
0,0.0,0.0576388370289811,RandomForest
0,0.0,0.1240271374039774,RandomForest
0,0.0,0.1644817462316,RandomForest
0,0.0,0.1958464908175404,RandomForest
0,0.0,0.3728264502639946,RandomForest
0,0.0,0.0517298380920215,RandomForest
0,0.0,0.098432641857169,RandomForest
1,0.0,0.273552978220195,RandomForest
0,0.0,0.0562198066743908,RandomForest
0,0.0,0.0877260598666177,RandomForest
1,1.0,0.8091263213605372,RandomForest
0,0.0,0.0419011757011585,RandomForest
0,0.0,0.0709264890125935,RandomForest
0,0.0,0.1708078440185824,RandomForest
0,0.0,0.2984876926435336,RandomForest
0,0.0,0.2506929712066271,RandomForest
1,1.0,0.6746142255926764,RandomForest
0,0.0,0.0563868688737355,RandomForest
0,0.0,0.0902243693952345,RandomForest
0,0.0,0.0371042462347896,RandomForest
0,0.0,0.1756522507022193,RandomForest
0,0.0,0.2256993281577837,RandomForest
0,0.0,0.079737652904841,RandomForest
0,0.0,0.2891999048322421,RandomForest
0,0.0,0.0332812590123058,RandomForest
0,0.0,0.1428381483212353,RandomForest
0,0.0,0.0845501194914553,RandomForest
1,0.0,0.488325167511911,RandomForest
0,0.0,0.0874491865563258,RandomForest
0,1.0,0.5312860631390932,RandomForest
0,0.0,0.0636574754058623,RandomForest
0,0.0,0.1567329241378031,RandomForest
1,0.0,0.2047213287341499,RandomForest
0,0.0,0.0521715033698076,RandomForest
0,0.0,0.1090813317836568,RandomForest
0,0.0,0.1006025381903786,RandomForest
0,1.0,0.628741132135655,RandomForest
0,0.0,0.2185599733881953,RandomForest
1,0.0,0.0943405479382658,RandomForest
0,0.0,0.0823880034876714,RandomForest
0,0.0,0.3881757249808328,RandomForest
0,0.0,0.1035121093532335,RandomForest
0,0.0,0.116598790422576,RandomForest
1,0.0,0.2084292015919162,RandomForest
0,0.0,0.1259763362324063,RandomForest
0,0.0,0.0391259324665762,RandomForest
0,0.0,0.0671432923850239,RandomForest
1,1.0,0.5385687839651798,RandomForest
0,0.0,0.0541496408410022,RandomForest
0,0.0,0.0376994153403425,RandomForest
0,0.0,0.1153850315693995,RandomForest
0,0.0,0.0216353591495059,RandomForest
0,0.0,0.1539564736831511,RandomForest
0,0.0,0.3354545011797247,RandomForest
0,0.0,0.0974571207503391,RandomForest
0,1.0,0.5877818813210612,RandomForest
0,0.0,0.0504355632581719,RandomForest
0,0.0,0.0342846255446714,RandomForest
0,0.0,0.0685176213514439,RandomForest
0,0.0,0.12178821696531,RandomForest
0,0.0,0.2120585226147858,RandomForest
1,0.0,0.1019444948599737,RandomForest
1,0.0,0.3483044141009673,RandomForest
1,1.0,0.622145863690028,RandomForest
1,0.0,0.0361936131638073,RandomForest
0,0.0,0.2633366323443934,RandomForest
0,1.0,0.5408793767795781,RandomForest
0,0.0,0.2849451001934528,RandomForest
0,0.0,0.10719029062995,RandomForest
0,0.0,0.1554894130669054,RandomForest
0,0.0,0.0217363082667265,RandomForest
1,1.0,0.6134064707391511,RandomForest
0,0.0,0.2108091783359441,RandomForest
0,0.0,0.29100113105739,RandomForest
0,0.0,0.1164248466784832,RandomForest
0,0.0,0.247017842549699,RandomForest
1,0.0,0.2743803915727857,RandomForest
0,0.0,0.0591640503851799,RandomForest
1,0.0,0.341039990470201,RandomForest
0,0.0,0.0934428535024403,RandomForest
0,0.0,0.0508128915960032,RandomForest
0,0.0,0.0283388437390888,RandomForest
0,0.0,0.0227613700562461,RandomForest
1,0.0,0.3207557391646269,RandomForest
0,0.0,0.2984686280329637,RandomForest
0,0.0,0.0656043128435072,RandomForest
0,0.0,0.1507314393168884,RandomForest
0,0.0,0.200648287903905,RandomForest
0,0.0,0.0450143679626247,RandomForest
1,0.0,0.1885169858214749,RandomForest
0,0.0,0.1687366573034499,RandomForest
0,0.0,0.0475711819076938,RandomForest
0,0.0,0.0289146729871474,RandomForest
1,0.0,0.1460391486743006,RandomForest
1,1.0,0.7174628054298643,RandomForest
1,1.0,0.5011432094218702,RandomForest
0,0.0,0.0543126833961975,RandomForest
1,1.0,0.6353460790483136,RandomForest
0,0.0,0.0381058353582754,RandomForest
0,0.0,0.0426660874868611,RandomForest
0,0.0,0.1087694332113809,RandomForest
0,0.0,0.0240734914584983,RandomForest
0,0.0,0.0312321333080026,RandomForest
1,0.0,0.1452265013339655,RandomForest
1,1.0,0.5783493310763878,RandomForest
0,0.0,0.0816004241976653,RandomForest
0,0.0,0.209220228286967,RandomForest
0,0.0,0.1078785518762582,RandomForest
1,0.0,0.2446216143128475,RandomForest
0,0.0,0.1055762755488842,RandomForest
0,0.0,0.2063049653770355,RandomForest
1,1.0,0.8372589572035839,RandomForest
1,0.0,0.3249822290431008,RandomForest
0,0.0,0.0929676195911433,RandomForest
0,0.0,0.1201527276705381,RandomForest
0,0.0,0.1604668410357859,RandomForest
0,0.0,0.0486055969762915,RandomForest
1,1.0,0.8442570463106235,RandomForest
1,1.0,0.8595972298739877,RandomForest
1,1.0,0.8427954052199463,RandomForest
0,0.0,0.1410118934153428,RandomForest
0,0.0,0.1793106717610682,RandomForest
1,0.0,0.3729525061437775,RandomForest
1,0.0,0.3469330722509713,RandomForest
1,0.0,0.3558723064193002,RandomForest
0,0.0,0.1070422950030875,RandomForest
1,1.0,0.7919982660368592,RandomForest
0,0.0,0.0956788052494785,RandomForest
1,1.0,0.5961359381278201,RandomForest
0,0.0,0.0764948398626049,RandomForest
1,0.0,0.3860293402401841,RandomForest
0,0.0,0.1434639713473023,RandomForest
0,0.0,0.168528801682029,RandomForest
0,0.0,0.123998511028527,RandomForest
0,0.0,0.127947671569066,RandomForest
0,0.0,0.4925489355917131,RandomForest
1,0.0,0.2013315948200882,RandomForest
0,0.0,0.1576557061056312,RandomForest
0,0.0,0.2293642042167132,RandomForest
1,0.0,0.4118365943017582,RandomForest
0,0.0,0.0515824962553937,RandomForest
1,0.0,0.4544266585669622,RandomForest
0,0.0,0.0676913775800406,RandomForest
1,1.0,0.8026712339735904,RandomForest
0,0.0,0.0853320746998795,RandomForest
0,1.0,0.6034080499535875,RandomForest
0,0.0,0.0319401071610888,RandomForest
1,0.0,0.0879165395731899,RandomForest
0,0.0,0.1264880997622475,RandomForest
0,0.0,0.1617228104174053,RandomForest
0,0.0,0.1376197926889082,RandomForest
0,0.0,0.1628793998763987,RandomForest
1,0.0,0.4432050113746315,RandomForest
0,0.0,0.2206251748998082,RandomForest
1,1.0,0.660113408894022,RandomForest
0,0.0,0.4629009068479412,RandomForest
0,0.0,0.0977995834223392,RandomForest
1,1.0,0.8276856885451223,RandomForest
0,0.0,0.2719659124496028,RandomForest
0,0.0,0.1718642021739711,RandomForest
0,0.0,0.0915365992825056,RandomForest
0,0.0,0.0867955545421413,RandomForest
0,0.0,0.1044454323436972,RandomForest
1,1.0,0.5360941524421211,RandomForest
0,0.0,0.1433648850925498,RandomForest
0,0.0,0.1917376121824267,RandomForest
0,0.0,0.2619000769934857,RandomForest
0,0.0,0.2370127495450391,RandomForest
0,0.0,0.2844192773578789,RandomForest
0,0.0,0.0498707820613827,RandomForest
1,1.0,0.5785508864680972,RandomForest
0,0.0,0.0936976041160897,RandomForest
0,1.0,0.6150502500338393,RandomForest
0,0.0,0.0717727427530819,RandomForest
0,0.0,0.0828570161670656,RandomForest
0,0.0,0.1188237700270497,RandomForest
0,0.0,0.1894800608622532,RandomForest
0,0.0,0.0440352054210161,RandomForest
0,0.0,0.2481191446244354,RandomForest
0,0.0,0.0371491486730553,RandomForest
0,0.0,0.1200744622555748,RandomForest
0,0.0,0.0374540564478307,RandomForest
0,0.0,0.0679837338873582,RandomForest
0,0.0,0.1734167500652971,RandomForest
0,0.0,0.0770213396812082,RandomForest
0,0.0,0.0243660041933286,RandomForest
0,0.0,0.1989205523598433,RandomForest
0,0.0,0.2422605986679066,RandomForest
0,0.0,0.2969568163516363,RandomForest
0,0.0,0.0266782307677486,RandomForest
0,0.0,0.1129814268065038,RandomForest
0,0.0,0.0650530444349216,RandomForest
0,0.0,0.4768371647619843,RandomForest
0,0.0,0.0925320340184884,RandomForest
0,0.0,0.0317664030300798,RandomForest
0,0.0,0.0739608296686716,RandomForest
1,0.0,0.0901793311239191,RandomForest
0,0.0,0.0793266171522352,RandomForest
0,0.0,0.0609145376964551,RandomForest
0,0.0,0.2290501796486135,RandomForest
1,1.0,0.5944724797279722,RandomForest
0,0.0,0.0386178173379846,RandomForest
0,0.0,0.2158431169439146,RandomForest
0,0.0,0.1038424299647227,RandomForest
1,1.0,0.8789854499068309,RandomForest
1,0.0,0.2204975168002924,RandomForest
0,0.0,0.3616739700037124,RandomForest
0,0.0,0.2593672146907135,RandomForest
0,0.0,0.1734354367131911,RandomForest
0,0.0,0.0582397481673612,RandomForest
0,0.0,0.0889374100108592,RandomForest
0,0.0,0.2115625558082153,RandomForest
0,0.0,0.1999719300167443,RandomForest
0,0.0,0.1065394677921939,RandomForest
0,0.0,0.2967097405587062,RandomForest
1,1.0,0.7816136061120623,RandomForest
0,0.0,0.0507039033830381,RandomForest
0,1.0,0.832593396753123,RandomForest
0,0.0,0.0334751365388332,RandomForest
0,0.0,0.1583822921740527,RandomForest
0,0.0,0.107661220259061,RandomForest
0,1.0,0.5113861370670576,RandomForest
0,0.0,0.1313645328281284,RandomForest
0,0.0,0.0502830017004725,RandomForest
0,0.0,0.2943855142134548,RandomForest
0,0.0,0.0628587041967625,RandomForest
0,0.0,0.0834663221482989,RandomForest
0,0.0,0.1072893714273605,RandomForest
1,0.0,0.0761119533703822,RandomForest
0,0.0,0.1148808742482643,RandomForest
0,0.0,0.0330046102242483,RandomForest
0,0.0,0.2872266615447561,RandomForest
0,0.0,0.0514042304143834,RandomForest
1,0.0,0.2710199395272689,RandomForest
1,1.0,0.7969062879254604,RandomForest
0,0.0,0.037547278239425,RandomForest
0,0.0,0.0443674934090889,RandomForest
1,0.0,0.0231529476084822,RandomForest
0,0.0,0.0376894924854991,RandomForest
1,0.0,0.2430018782132794,RandomForest
0,0.0,0.3765241590989246,RandomForest
1,0.0,0.4742234870641418,RandomForest
0,0.0,0.0210033175861632,RandomForest
0,0.0,0.0766898761927764,RandomForest
0,0.0,0.0441966312173307,RandomForest
1,0.0,0.0889978480992928,RandomForest
0,0.0,0.0947961931133327,RandomForest
0,0.0,0.1170079717484596,RandomForest
0,0.0,0.0675362899289923,RandomForest
0,0.0,0.0929490422439672,RandomForest
1,0.0,0.2499487162612215,RandomForest
1,0.0,0.1003963699850498,RandomForest
1,1.0,0.5379656468931323,RandomForest
0,0.0,0.0587296131845265,RandomForest
0,0.0,0.0533711879544648,RandomForest
0,0.0,0.1264904378140814,RandomForest
0,0.0,0.2069447151849029,RandomForest
0,0.0,0.15273991314316,RandomForest
1,1.0,0.724648944113028,RandomForest
0,0.0,0.0550200995248297,RandomForest
0,1.0,0.6171648951643562,RandomForest
1,0.0,0.4297946301385847,RandomForest
0,0.0,0.2018984515447936,RandomForest
0,0.0,0.1976759647200012,RandomForest
0,0.0,0.0381996849846083,RandomForest
1,0.0,0.1492522151267842,RandomForest
1,1.0,0.7884858095984978,RandomForest
0,0.0,0.2910984086724687,RandomForest
0,0.0,0.1052817324422271,RandomForest
0,0.0,0.3062971557640494,RandomForest
0,0.0,0.1486240196084446,RandomForest
0,0.0,0.0927809906749585,RandomForest
0,0.0,0.2303483043899964,RandomForest
0,0.0,0.0458844209193688,RandomForest
0,0.0,0.0943559808185265,RandomForest
1,0.0,0.217989610966726,RandomForest
0,0.0,0.1071725032664371,RandomForest
0,0.0,0.1420494240397054,RandomForest
0,0.0,0.0264237287702264,RandomForest
0,0.0,0.1135871842816691,RandomForest
0,0.0,0.0942119695942753,RandomForest
1,0.0,0.2452570580048143,RandomForest
0,0.0,0.0311532740930646,RandomForest
0,0.0,0.0917312686805105,RandomForest
1,0.0,0.300674247083669,RandomForest
0,0.0,0.0511241579530172,RandomForest
0,0.0,0.199788465568356,RandomForest
1,1.0,0.577086797442646,RandomForest
0,0.0,0.3144438309069621,RandomForest
0,0.0,0.0410379677091608,RandomForest
0,0.0,0.0885410605164593,RandomForest
0,0.0,0.4488494538734566,RandomForest
0,0.0,0.2825340926151111,RandomForest
0,0.0,0.0544169189917118,RandomForest
1,0.0,0.3080267924398898,RandomForest
0,0.0,0.0700617766967599,RandomForest
0,0.0,0.2799276647383357,RandomForest
0,0.0,0.245274513187043,RandomForest
0,0.0,0.0604416423913122,RandomForest
0,0.0,0.0462732226514659,RandomForest
0,0.0,0.021528932135972,RandomForest
0,0.0,0.0379521247259472,RandomForest
0,0.0,0.0961686311763556,RandomForest
0,0.0,0.0355375337588435,RandomForest
0,0.0,0.0858413010258514,RandomForest
1,1.0,0.6551828769874398,RandomForest
0,0.0,0.1101394403855742,RandomForest
0,0.0,0.0340398418906851,RandomForest
0,0.0,0.0545969487955014,RandomForest
0,0.0,0.1097225758723242,RandomForest
0,0.0,0.0953149695247541,RandomForest
0,0.0,0.0898713102943209,RandomForest
1,0.0,0.2638250652505747,RandomForest
0,0.0,0.1161225481729557,RandomForest
0,0.0,0.2543543578828994,RandomForest
0,0.0,0.1741268025028528,RandomForest
0,0.0,0.0933750073129476,RandomForest
0,0.0,0.1219782876789982,RandomForest
0,0.0,0.2875511111610559,RandomForest
0,0.0,0.2012697084135579,RandomForest
1,0.0,0.1202968016121455,RandomForest
0,0.0,0.0367257403267779,RandomForest
1,0.0,0.1789444154098321,RandomForest
1,1.0,0.7410212828853594,RandomForest
0,0.0,0.1894227543252059,RandomForest
0,0.0,0.0227973927425391,RandomForest
1,0.0,0.1813537755819515,RandomForest
0,0.0,0.2156833532146223,RandomForest
0,0.0,0.0415302064625972,RandomForest
0,0.0,0.1052313489138817,RandomForest
0,0.0,0.0328612361648057,RandomForest
0,0.0,0.11414995110015,RandomForest
0,0.0,0.2133540444880409,RandomForest
0,0.0,0.0521160030865617,RandomForest
0,0.0,0.0680763930403873,RandomForest
0,0.0,0.1267897937139374,RandomForest
0,0.0,0.0683983845361666,RandomForest
0,0.0,0.2714633581684245,RandomForest
0,0.0,0.0961286917981428,RandomForest
0,0.0,0.2255120203456596,RandomForest
0,0.0,0.0706349587339237,RandomForest
0,0.0,0.0812008481224511,RandomForest
0,0.0,0.0790100643936284,RandomForest
0,0.0,0.2711383206396767,RandomForest
0,0.0,0.1657576694728162,RandomForest
0,0.0,0.1568606070648562,RandomForest
0,0.0,0.1016152852945748,RandomForest
0,0.0,0.0681656122568799,RandomForest
0,0.0,0.0987522025136338,RandomForest
0,0.0,0.0481662579525938,RandomForest
1,1.0,0.7485368034869967,RandomForest
0,0.0,0.0487421103193594,RandomForest
0,0.0,0.1787394313742594,RandomForest
1,1.0,0.747680547008922,RandomForest
1,1.0,0.814933426624371,RandomForest
0,0.0,0.0673864438843941,RandomForest
0,0.0,0.045912073506295,RandomForest
0,0.0,0.1186417358252523,RandomForest
1,0.0,0.1098153929022752,RandomForest
0,0.0,0.0398983083102105,RandomForest
0,0.0,0.1050741885245656,RandomForest
0,0.0,0.0551671730747182,RandomForest
0,0.0,0.0648397309487851,RandomForest
0,0.0,0.1001375566249918,RandomForest
1,1.0,0.6571973789490619,RandomForest
1,0.0,0.2418535080733765,RandomForest
0,0.0,0.1238393519536282,RandomForest
1,1.0,0.60079878074426,RandomForest
0,0.0,0.1038677264387551,RandomForest
1,1.0,0.9169019845679643,RandomForest
0,0.0,0.0412779468417285,RandomForest
0,0.0,0.4598596087077082,RandomForest
0,0.0,0.114942819386521,RandomForest
0,0.0,0.087520466286028,RandomForest
0,0.0,0.075957242241727,RandomForest
0,0.0,0.2377775472470761,RandomForest
0,0.0,0.0904258823913244,RandomForest
0,0.0,0.0920913166812597,RandomForest
1,1.0,0.8052514300883464,RandomForest
1,1.0,0.8552286420711098,RandomForest
1,1.0,0.7240231191071805,RandomForest
1,0.0,0.0565042224274795,RandomForest
0,0.0,0.0404735616595349,RandomForest
1,0.0,0.1759919653993768,RandomForest
0,0.0,0.0238220284967225,RandomForest
0,0.0,0.1422510988394597,RandomForest
0,0.0,0.163225400878969,RandomForest
1,1.0,0.8112475668447279,RandomForest
0,0.0,0.0319660742245101,RandomForest
0,0.0,0.2452635058020271,RandomForest
0,0.0,0.10636087595216,RandomForest
0,0.0,0.1589434788639457,RandomForest
0,0.0,0.0908780088184673,RandomForest
0,0.0,0.0493665942783997,RandomForest
1,0.0,0.2443594413375428,RandomForest
0,0.0,0.0339659194805083,RandomForest
0,0.0,0.0969355809052682,RandomForest
0,0.0,0.0660574844479726,RandomForest
0,0.0,0.0306311257254285,RandomForest
0,0.0,0.0782182431990829,RandomForest
0,0.0,0.0585341580119697,RandomForest
0,0.0,0.0415465948376306,RandomForest
0,0.0,0.0325050699874591,RandomForest
0,0.0,0.1390894151720079,RandomForest
1,0.0,0.2423826598276865,RandomForest
0,0.0,0.0372700645490004,RandomForest
0,0.0,0.1326120204251339,RandomForest
0,0.0,0.1070333490144423,RandomForest
0,0.0,0.0258949110697257,RandomForest
1,0.0,0.4780021855193863,RandomForest
0,0.0,0.2419352882033531,RandomForest
0,0.0,0.296406473379331,RandomForest
0,0.0,0.1020388721872173,RandomForest
0,0.0,0.2367985411241928,RandomForest
0,0.0,0.1576900575696268,RandomForest
0,0.0,0.124870632918211,RandomForest
1,0.0,0.1489713807632234,RandomForest
0,0.0,0.0736996966784157,RandomForest
0,0.0,0.4626193762032582,RandomForest
0,0.0,0.0755440461323468,RandomForest
0,0.0,0.1704269888622793,RandomForest
0,0.0,0.1574818736973551,RandomForest
0,0.0,0.089679334111397,RandomForest
0,0.0,0.1330150087341403,RandomForest
1,0.0,0.1885859248474015,RandomForest
0,0.0,0.1257065612491139,RandomForest
1,1.0,0.7282475220965074,RandomForest
0,0.0,0.1011563205119632,RandomForest
0,0.0,0.0711511003377392,RandomForest
1,1.0,0.897607689555434,RandomForest
0,0.0,0.0209190135164996,RandomForest
1,1.0,0.8559741480821497,RandomForest
0,0.0,0.070674027342588,RandomForest
0,0.0,0.0525275241140234,RandomForest
1,1.0,0.7303577747280642,RandomForest
0,0.0,0.1187204121273486,RandomForest
0,0.0,0.1772264671225756,RandomForest
0,0.0,0.025036211425532,RandomForest
0,0.0,0.1550512785427157,RandomForest
0,0.0,0.0896383706547888,RandomForest
0,0.0,0.322049847483423,RandomForest
0,0.0,0.1049806893848831,RandomForest
0,0.0,0.0240454057005494,RandomForest
0,0.0,0.2030074345167926,RandomForest
0,0.0,0.1067344033678648,RandomForest
0,0.0,0.0540156093131371,RandomForest
0,0.0,0.0896852102523419,RandomForest
0,0.0,0.1386899346873588,RandomForest
0,0.0,0.2816879894989634,RandomForest
0,0.0,0.0578117199343478,RandomForest
0,0.0,0.1869880246804727,RandomForest
0,0.0,0.0409129316312267,RandomForest
0,0.0,0.077666904017517,RandomForest
0,0.0,0.1670349553381346,RandomForest
0,0.0,0.0279261158063811,RandomForest
0,0.0,0.1723913173490556,RandomForest
0,0.0,0.0362317409821761,RandomForest
0,0.0,0.0705479689656343,RandomForest
0,0.0,0.0318981223272039,RandomForest
0,0.0,0.1418102840392115,RandomForest
0,0.0,0.0357161935988802,RandomForest
0,0.0,0.0320446751989802,RandomForest
0,0.0,0.2295896204094902,RandomForest
0,0.0,0.1092617531420936,RandomForest
1,0.0,0.2254274742689395,RandomForest
1,1.0,0.6604498274814369,RandomForest
0,0.0,0.0772571271127901,RandomForest
0,0.0,0.0811492231948101,RandomForest
0,0.0,0.2901866803207084,RandomForest
0,0.0,0.0448455346522224,RandomForest
1,0.0,0.2311819102868062,RandomForest
0,0.0,0.0561205880114788,RandomForest
0,0.0,0.1782607988437239,RandomForest
0,0.0,0.0943109571704647,RandomForest
0,0.0,0.1034108790258842,RandomForest
0,0.0,0.2622313101652496,RandomForest
0,0.0,0.2255058806964101,RandomForest
0,0.0,0.1452493740509964,RandomForest
0,0.0,0.110081630037753,RandomForest
0,0.0,0.0757857480660323,RandomForest
0,0.0,0.0431945002278386,RandomForest
0,0.0,0.0887542498376899,RandomForest
1,0.0,0.2049060773716998,RandomForest
1,0.0,0.2094914544359393,RandomForest
1,1.0,0.848367421454081,RandomForest
0,0.0,0.1242834220740432,RandomForest
0,0.0,0.0996195992493876,RandomForest
0,0.0,0.1457026835217205,RandomForest
0,0.0,0.0632061418801852,RandomForest
0,0.0,0.0178539805271442,RandomForest
0,0.0,0.0597737142835202,RandomForest
1,0.0,0.138568403388946,RandomForest
1,0.0,0.3337649010956415,RandomForest
0,0.0,0.2211925579182077,RandomForest
0,0.0,0.2961464884310412,RandomForest
0,0.0,0.0346310821692366,RandomForest
0,0.0,0.1549523052684726,RandomForest
0,0.0,0.1348568388382463,RandomForest
0,0.0,0.0667496157613146,RandomForest
0,0.0,0.1246293226637674,RandomForest
0,0.0,0.0391490396109776,RandomForest
0,1.0,0.6291000243634448,RandomForest
0,1.0,0.807069334655307,RandomForest
0,0.0,0.110702066668375,RandomForest
0,0.0,0.088483819158772,RandomForest
0,0.0,0.0563593128210695,RandomForest
0,0.0,0.0679916469050661,RandomForest
0,0.0,0.0230683527447717,RandomForest
0,0.0,0.1056193621062091,RandomForest
1,1.0,0.8947444267554288,RandomForest
0,0.0,0.0949869511587904,RandomForest
0,0.0,0.0212536596857487,RandomForest
0,0.0,0.2344624189158665,RandomForest
0,0.0,0.0586467585005875,RandomForest
0,0.0,0.2718880062332146,RandomForest
0,0.0,0.0427355947595813,RandomForest
0,0.0,0.1211389934407131,RandomForest
0,0.0,0.2059439553330375,RandomForest
1,1.0,0.9375402983505432,RandomForest
0,0.0,0.0606867650751547,RandomForest
1,0.0,0.1632998883379739,RandomForest
0,0.0,0.1068497140343344,RandomForest
0,0.0,0.1029345334409601,RandomForest
0,0.0,0.0657166914380266,RandomForest
0,0.0,0.0896262378893125,RandomForest
0,0.0,0.0689276088129604,RandomForest
0,0.0,0.1315109588982239,RandomForest
1,0.0,0.1330806194894857,RandomForest
0,0.0,0.0545446630036135,RandomForest
0,0.0,0.0353148119885042,RandomForest
0,0.0,0.0901874143289753,RandomForest
0,0.0,0.2229447447365115,RandomForest
0,0.0,0.0434342716932288,RandomForest
1,1.0,0.8694510859973691,RandomForest
1,0.0,0.1898697086636798,RandomForest
0,0.0,0.0738507614555841,RandomForest
0,0.0,0.0752640621683712,RandomForest
1,1.0,0.5593684326249336,RandomForest
0,0.0,0.0388511209183016,RandomForest
0,0.0,0.1579439396013915,RandomForest
0,0.0,0.0957608513960163,RandomForest
0,0.0,0.0237775886381288,RandomForest
0,0.0,0.2767314722204679,RandomForest
0,1.0,0.5573891934171494,RandomForest
0,0.0,0.0179395161005796,RandomForest
1,1.0,0.9028257914428172,RandomForest
0,1.0,0.6975037251243964,RandomForest
0,0.0,0.0903420445421389,RandomForest
0,0.0,0.0738481892768287,RandomForest
0,0.0,0.2639226642473637,RandomForest
0,0.0,0.2695149836992738,RandomForest
0,0.0,0.0471193470432803,RandomForest
0,0.0,0.0698054343885534,RandomForest
1,0.0,0.4774415364959397,RandomForest
1,0.0,0.2194650019748811,RandomForest
0,0.0,0.0360388336768254,RandomForest
0,0.0,0.0641554262938378,RandomForest
0,0.0,0.1586669157264117,RandomForest
0,0.0,0.0368974079040212,RandomForest
0,0.0,0.0501210628240177,RandomForest
1,0.0,0.1913627248633836,RandomForest
0,0.0,0.219239026813955,RandomForest
0,0.0,0.0475975107447948,RandomForest
0,0.0,0.2104323632401553,RandomForest
1,1.0,0.7588627995646,RandomForest
0,0.0,0.076530379812187,RandomForest
0,0.0,0.0714386917590823,RandomForest
1,0.0,0.3074482817994497,RandomForest
0,0.0,0.0234203339917835,RandomForest
0,0.0,0.1201444710655222,RandomForest
0,0.0,0.1372633531443418,RandomForest
0,0.0,0.150366457642642,RandomForest
0,0.0,0.1091517153750038,RandomForest
1,1.0,0.8301408846678605,RandomForest
0,0.0,0.0377935593429661,RandomForest
0,0.0,0.0571081865887836,RandomForest
0,0.0,0.076173294360646,RandomForest
0,0.0,0.0255476445828014,RandomForest
0,0.0,0.0357843620011029,RandomForest
0,0.0,0.1113600755649535,RandomForest
1,1.0,0.7461986653108688,RandomForest
1,1.0,0.928895830799484,RandomForest
1,0.0,0.0515174206855592,RandomForest
0,0.0,0.1006261306576922,RandomForest
0,0.0,0.0954337473482911,RandomForest
0,0.0,0.0751039183526155,RandomForest
0,0.0,0.0581335284313039,RandomForest
0,0.0,0.16710086650752,RandomForest
0,0.0,0.1876911036520955,RandomForest
0,0.0,0.0365768510120864,RandomForest
0,0.0,0.0471709597241928,RandomForest
0,0.0,0.0911658679312907,RandomForest
0,0.0,0.0365287522317857,RandomForest
0,0.0,0.1663397502608316,RandomForest
0,0.0,0.1285817909814942,RandomForest
1,1.0,0.8396535855448899,RandomForest
0,0.0,0.273682441058537,RandomForest
0,0.0,0.3641824729486715,RandomForest
1,1.0,0.782437061171697,RandomForest
0,0.0,0.2678174804748205,RandomForest
1,1.0,0.7773658747615912,RandomForest
0,0.0,0.0491940592341585,RandomForest
0,0.0,0.0738596178585908,RandomForest
1,0.0,0.1662985269598988,RandomForest
0,0.0,0.0350039265668522,RandomForest
0,0.0,0.0784238722375632,RandomForest
0,0.0,0.0320186491646318,RandomForest
1,1.0,0.6200935410865229,RandomForest
0,0.0,0.1331903235941994,RandomForest
0,0.0,0.2081996133058887,RandomForest
0,0.0,0.0278619950113023,RandomForest
1,0.0,0.253312625441226,RandomForest
0,0.0,0.0213953645473819,RandomForest
0,0.0,0.1057401032219937,RandomForest
0,0.0,0.3649106774092338,RandomForest
1,1.0,0.7802187407154932,RandomForest
0,0.0,0.4153672998463815,RandomForest
0,0.0,0.1984742100114737,RandomForest
0,0.0,0.0800666633908807,RandomForest
0,0.0,0.2550385957562726,RandomForest
0,0.0,0.1107203389566878,RandomForest
0,0.0,0.0502491915752008,RandomForest
0,0.0,0.0515905523203119,RandomForest
1,0.0,0.4904744901359235,RandomForest
0,0.0,0.0839771135518839,RandomForest
0,0.0,0.0711815715585803,RandomForest
0,0.0,0.059685869214488,RandomForest
0,0.0,0.0936851005864915,RandomForest
0,0.0,0.1066915731450381,RandomForest
1,1.0,0.6493891322708332,RandomForest
0,0.0,0.1231769215449632,RandomForest
1,1.0,0.6322522253366657,RandomForest
0,0.0,0.1240457742199229,RandomForest
0,0.0,0.0829313074078868,RandomForest
0,0.0,0.131511867352217,RandomForest
0,0.0,0.2943847871274825,RandomForest
0,0.0,0.3629959761088825,RandomForest
0,0.0,0.0202374467308442,RandomForest
0,0.0,0.1620198688299646,RandomForest
1,0.0,0.2238447286727039,RandomForest
0,0.0,0.3303811081803834,RandomForest
0,0.0,0.047721356908219,RandomForest
0,0.0,0.0320195506948819,RandomForest
0,0.0,0.1924412055334476,RandomForest
0,0.0,0.1077547647257375,RandomForest
0,0.0,0.1072611965449408,RandomForest
1,0.0,0.2169390604742626,RandomForest
0,0.0,0.0448512198832864,RandomForest
0,0.0,0.1177239387829768,RandomForest
0,0.0,0.086429730478814,RandomForest
0,0.0,0.0304361114258911,RandomForest
0,0.0,0.0471205964619169,RandomForest
0,0.0,0.1858143470299993,RandomForest
1,1.0,0.7782030083703245,RandomForest
0,0.0,0.0793752609371111,RandomForest
0,0.0,0.1702365512020764,RandomForest
0,0.0,0.0972836295687205,RandomForest
0,0.0,0.1048420891580066,RandomForest
0,0.0,0.0558119403565697,RandomForest
0,0.0,0.0913053937935524,RandomForest
1,0.0,0.097489209602722,RandomForest
0,0.0,0.0904075544175733,RandomForest
0,0.0,0.0473836382401615,RandomForest
0,0.0,0.4551153951839569,RandomForest
1,1.0,0.5403972542952025,RandomForest
1,0.0,0.1904118704879265,RandomForest
1,0.0,0.3609729135774959,RandomForest
0,0.0,0.2805857102405147,RandomForest
0,0.0,0.0891977567156066,RandomForest
0,0.0,0.0409356648849348,RandomForest
0,0.0,0.1664498357996549,RandomForest
0,0.0,0.1032754138905524,RandomForest
0,0.0,0.119191437308604,RandomForest
0,0.0,0.0309191718116447,RandomForest
0,0.0,0.0995564784572717,RandomForest
0,0.0,0.0430162275221701,RandomForest
0,0.0,0.0561362087975686,RandomForest
1,1.0,0.5415812580274215,RandomForest
0,0.0,0.0877335948586198,RandomForest
0,0.0,0.0386406542624472,RandomForest
0,1.0,0.6962478567691656,RandomForest
0,0.0,0.1527678818629305,RandomForest
0,0.0,0.097645021154898,RandomForest
0,0.0,0.0618170304859712,RandomForest
1,1.0,0.8481033103580208,RandomForest
0,0.0,0.0440593714672431,RandomForest
0,0.0,0.1503549336190504,RandomForest
0,0.0,0.1634891481390286,RandomForest
0,0.0,0.1675726212029325,RandomForest
1,1.0,0.7352628968515761,RandomForest
0,0.0,0.2430102388328441,RandomForest
0,0.0,0.1164299697396944,RandomForest
1,0.0,0.2367963649884297,RandomForest
0,1.0,0.7737328597970676,RandomForest
0,1.0,0.730406949472749,RandomForest
0,0.0,0.1628329908790135,RandomForest
1,0.0,0.0733318110903851,RandomForest
0,0.0,0.0542352667358029,RandomForest
0,0.0,0.0921587448845628,RandomForest
0,0.0,0.1244465593904882,RandomForest
1,1.0,0.8185332470448706,RandomForest
0,0.0,0.1739198671904162,RandomForest
0,0.0,0.0642459847251478,RandomForest
0,0.0,0.0410216054553134,RandomForest
0,0.0,0.4251840540817552,RandomForest
0,0.0,0.054790889613795,RandomForest
0,0.0,0.0664416251419562,RandomForest
0,0.0,0.0732279982469382,RandomForest
0,0.0,0.2145269506168477,RandomForest
0,0.0,0.0468703827227549,RandomForest
0,0.0,0.0594734126106501,RandomForest
0,0.0,0.0394887445632453,RandomForest
0,0.0,0.1042030765534157,RandomForest
0,0.0,0.1856996694689018,RandomForest
0,0.0,0.1826561483647256,RandomForest
0,0.0,0.0968637847810575,RandomForest
1,0.0,0.2718578578018037,RandomForest
0,0.0,0.072720072743458,RandomForest
0,0.0,0.2275753116610386,RandomForest
0,0.0,0.0818681226954102,RandomForest
0,0.0,0.0279741447813931,RandomForest
1,1.0,0.795122316658244,RandomForest
0,0.0,0.0377846138133102,RandomForest
0,0.0,0.0469639948594415,RandomForest
0,0.0,0.0515870651574077,RandomForest
0,0.0,0.1568755875899047,RandomForest
0,0.0,0.0643886894551004,RandomForest
0,0.0,0.1099095443624562,RandomForest
0,0.0,0.1984399751590706,RandomForest
0,0.0,0.1245447649225456,RandomForest
1,1.0,0.8550823818740357,RandomForest
0,0.0,0.1437867232053084,RandomForest
0,0.0,0.3465386185584248,RandomForest
1,0.0,0.3129870937853672,RandomForest
0,0.0,0.0588294265685212,RandomForest
0,0.0,0.147771578482085,RandomForest
0,0.0,0.2649235044788516,RandomForest
0,0.0,0.1754993168163962,RandomForest
0,0.0,0.0421504768274633,RandomForest
0,0.0,0.1621009554220329,RandomForest
1,0.0,0.2475300780130426,RandomForest
0,0.0,0.3205552698452109,RandomForest
1,1.0,0.8606802209269476,RandomForest
1,1.0,0.664827166680452,RandomForest
1,0.0,0.0794805048352956,RandomForest
0,0.0,0.0231086602191515,RandomForest
0,0.0,0.413936846631058,RandomForest
1,0.0,0.1911270662908678,RandomForest
0,0.0,0.071398531905218,RandomForest
1,0.0,0.3094090078173473,RandomForest
0,0.0,0.0413726359828784,RandomForest
0,0.0,0.2204988946589767,RandomForest
0,0.0,0.2630053272367808,RandomForest
0,0.0,0.0320792622482155,RandomForest
1,0.0,0.1110210601459867,RandomForest
0,1.0,0.5085749552509715,RandomForest
0,0.0,0.0768374057738804,RandomForest
1,0.0,0.1095485913135437,RandomForest
0,0.0,0.0773628877784556,RandomForest
0,0.0,0.1147685765639455,RandomForest
0,0.0,0.0384572594422556,RandomForest
0,0.0,0.0192735011434393,RandomForest
0,0.0,0.0377400464207882,RandomForest
0,0.0,0.0620897063606511,RandomForest
0,1.0,0.5209530409050306,RandomForest
0,0.0,0.0473552438243614,RandomForest
0,0.0,0.1126926985907073,RandomForest
0,0.0,0.2911132479032949,RandomForest
0,0.0,0.1209120727516905,RandomForest
1,1.0,0.5835945230863057,RandomForest
0,0.0,0.0787277239227494,RandomForest
0,0.0,0.1323106202594366,RandomForest
0,0.0,0.3124765376976947,RandomForest
0,1.0,0.53383024609731,RandomForest
0,0.0,0.0322946000761567,RandomForest
0,0.0,0.040907611497459,RandomForest
0,0.0,0.4750157863661765,RandomForest
1,0.0,0.2883769998521991,RandomForest
0,0.0,0.2004102950039646,RandomForest
0,0.0,0.1142793459233482,RandomForest
0,0.0,0.1044433043192865,RandomForest
0,0.0,0.1168315036526234,RandomForest
0,0.0,0.1375355352197916,RandomForest
0,1.0,0.6613432028565573,RandomForest
0,0.0,0.2279378725534591,RandomForest
0,1.0,0.6216704463285925,RandomForest
1,0.0,0.2868766657576387,RandomForest
0,0.0,0.0576402428011968,RandomForest
0,0.0,0.1211192192803947,RandomForest
0,0.0,0.0409023176563634,RandomForest
0,0.0,0.1273367053896344,RandomForest
0,0.0,0.1133635936908154,RandomForest
0,0.0,0.1233058873508232,RandomForest
0,0.0,0.2804769626430569,RandomForest
0,0.0,0.0863452331317523,RandomForest
0,0.0,0.2479680534929863,RandomForest
0,0.0,0.2940900984374827,RandomForest
0,0.0,0.2443810016432382,RandomForest
0,0.0,0.046553345013967,RandomForest
0,0.0,0.0352287352864716,RandomForest
0,0.0,0.1229760605529489,RandomForest
0,0.0,0.0722788781804476,RandomForest
0,0.0,0.4603111383332546,RandomForest
1,1.0,0.606609169188117,RandomForest
0,0.0,0.4367696866707942,RandomForest
0,0.0,0.0596420349569983,RandomForest
1,0.0,0.0880008984543733,RandomForest
0,0.0,0.0468945890401003,RandomForest
0,0.0,0.0719506969637302,RandomForest
0,0.0,0.0349095563565451,RandomForest
0,0.0,0.0567802608873673,RandomForest
0,0.0,0.1301382645755014,RandomForest
0,0.0,0.1324114741692518,RandomForest
0,0.0,0.0289893901818031,RandomForest
1,1.0,0.6578591324375701,RandomForest
1,0.0,0.404254275373691,RandomForest
1,0.0,0.2872458205696594,RandomForest
0,0.0,0.0461715583574183,RandomForest
0,0.0,0.0921104614820505,RandomForest
0,0.0,0.2093933672260112,RandomForest
1,0.0,0.1297096795812626,RandomForest
0,0.0,0.1127778775907575,RandomForest
1,0.0,0.4001152509277588,RandomForest
0,0.0,0.0640446647311289,RandomForest
1,0.0,0.2900414219046907,RandomForest
0,0.0,0.0719161103432226,RandomForest
0,0.0,0.1605039226515242,RandomForest
0,0.0,0.2085587572744753,RandomForest
1,0.0,0.1038350326555731,RandomForest
1,0.0,0.0346508083961014,RandomForest
0,0.0,0.0873163472584463,RandomForest
0,0.0,0.0544229709724532,RandomForest
1,0.0,0.3877903569481464,RandomForest
0,0.0,0.1526531221334105,RandomForest
0,0.0,0.3513347333876603,RandomForest
1,0.0,0.4389657064632062,RandomForest
0,0.0,0.0371148245096818,RandomForest
0,0.0,0.0289503780281952,RandomForest
0,0.0,0.0483922388143669,RandomForest
1,0.0,0.2949993441239187,RandomForest
0,0.0,0.036430184400982,RandomForest
0,0.0,0.0694217027004694,RandomForest
1,0.0,0.21733033304126,RandomForest
0,0.0,0.0447842822808442,RandomForest
1,0.0,0.3822166610927444,RandomForest
0,0.0,0.0186176038563331,RandomForest
0,1.0,0.6902732968626899,RandomForest
0,0.0,0.064404311833388,RandomForest
0,0.0,0.2754000172348804,RandomForest
0,0.0,0.1398961775394546,RandomForest
0,0.0,0.1663793456065452,RandomForest
0,0.0,0.2759059664779076,RandomForest
0,0.0,0.0638080796799334,RandomForest
0,0.0,0.0438482713736121,RandomForest
0,0.0,0.0496158180190122,RandomForest
0,0.0,0.0653628682041336,RandomForest
0,0.0,0.0516445168939421,RandomForest
0,0.0,0.4403130582995882,RandomForest
0,0.0,0.0847117255914405,RandomForest
0,0.0,0.0578899089480539,RandomForest
0,0.0,0.1214653864066071,RandomForest
0,0.0,0.3309688947595033,RandomForest
0,0.0,0.1080878626625365,RandomForest
0,0.0,0.3044541004257032,RandomForest
0,0.0,0.0232690571986905,RandomForest
0,0.0,0.3845075763132677,RandomForest
0,0.0,0.217478239772166,RandomForest
0,0.0,0.3133782353410604,RandomForest
0,0.0,0.0420814822874164,RandomForest
0,0.0,0.0400720732083994,RandomForest
0,0.0,0.1016933209204606,RandomForest
0,0.0,0.0577896193408759,RandomForest
0,0.0,0.0405092888013486,RandomForest
0,0.0,0.2393737897587238,RandomForest
0,0.0,0.0622342134083602,RandomForest
0,0.0,0.0488352440247926,RandomForest
1,0.0,0.313092831295891,RandomForest
0,0.0,0.0900621662612538,RandomForest
0,0.0,0.0800359884739111,RandomForest
1,0.0,0.0987688114067018,RandomForest
0,0.0,0.0486472342549799,RandomForest
1,0.0,0.2050921268683746,RandomForest
1,1.0,0.5957361600183995,RandomForest
0,1.0,0.5521231067540313,RandomForest
0,0.0,0.0335485775756397,RandomForest
0,0.0,0.1309749609183443,RandomForest
0,0.0,0.0754530823881271,RandomForest
0,0.0,0.0778688968972593,RandomForest
0,0.0,0.0257317877998645,RandomForest
0,0.0,0.1170870922802367,RandomForest
0,0.0,0.1025380270926667,RandomForest
0,0.0,0.081263875070297,RandomForest
0,0.0,0.1333704198682782,RandomForest
0,0.0,0.0715725741164123,RandomForest
0,0.0,0.0440049207541312,RandomForest
0,0.0,0.1003468069041832,RandomForest
0,0.0,0.0515665371791966,RandomForest
0,0.0,0.0521849267878216,RandomForest
0,0.0,0.3158478788683798,RandomForest
0,0.0,0.0239656847669982,RandomForest
0,0.0,0.0723048093329306,RandomForest
0,0.0,0.0451598508585248,RandomForest
1,1.0,0.5984161300554905,RandomForest
1,0.0,0.100224003283528,RandomForest
1,1.0,0.8070884155872888,RandomForest
1,1.0,0.6864696644196165,RandomForest
0,0.0,0.0332069810335796,RandomForest
1,0.0,0.2800794857915363,RandomForest
1,1.0,0.7871985421759575,RandomForest
1,0.0,0.0678603950778875,RandomForest
1,1.0,0.7447000189593291,RandomForest
0,0.0,0.1733762305792009,RandomForest
1,0.0,0.4417353892215812,RandomForest
0,0.0,0.1743420243818134,RandomForest
0,0.0,0.0348114549451472,RandomForest
0,0.0,0.1185644841790135,RandomForest
0,0.0,0.1709311040537247,RandomForest
0,0.0,0.109717638940841,RandomForest
1,0.0,0.3000391940689749,RandomForest
0,0.0,0.2711790023021864,RandomForest
0,0.0,0.2734439600952854,RandomForest
0,0.0,0.1587515895970969,RandomForest
0,0.0,0.0212422942284275,RandomForest
0,0.0,0.1196727766609915,RandomForest
0,0.0,0.0376434783742559,RandomForest
1,1.0,0.7293024084688028,RandomForest
0,0.0,0.0471778409040817,RandomForest
0,0.0,0.1920752185275034,RandomForest
0,0.0,0.0971729977506725,RandomForest
1,1.0,0.9198369257475464,RandomForest
1,0.0,0.215605788844762,RandomForest
1,0.0,0.0509379402147365,RandomForest
0,0.0,0.1299772941930921,RandomForest
0,0.0,0.0847910376127835,RandomForest
1,0.0,0.238128392584446,RandomForest
0,0.0,0.222479012433411,RandomForest
0,0.0,0.0315802305801059,RandomForest
0,0.0,0.1860427079922737,RandomForest
1,1.0,0.6608653407807704,RandomForest
0,0.0,0.1725759707459729,RandomForest
1,0.0,0.0932160230431865,RandomForest
0,0.0,0.0359136819099797,RandomForest
0,0.0,0.0709780180393708,RandomForest
0,0.0,0.1679310493729066,RandomForest
0,0.0,0.2803594358689636,RandomForest
0,0.0,0.0569018682959946,RandomForest
0,0.0,0.3601914138780179,RandomForest
0,0.0,0.2966552690497683,RandomForest
0,0.0,0.0344826527947493,RandomForest
0,0.0,0.0925579453334084,RandomForest
1,1.0,0.8349220697918196,RandomForest
1,0.0,0.0727653047060783,RandomForest
1,1.0,0.6466895909133857,RandomForest
0,0.0,0.1013396075214612,RandomForest
0,0.0,0.1732099154860434,RandomForest
1,1.0,0.794642859042808,RandomForest
0,0.0,0.1670419042543728,RandomForest
1,0.0,0.2439991586624107,RandomForest
0,0.0,0.0898746786049572,RandomForest
0,0.0,0.0338583501373646,RandomForest
0,0.0,0.1241102566800666,RandomForest
0,0.0,0.1325487434090133,RandomForest
0,0.0,0.4528742972387168,RandomForest
0,0.0,0.0345821533743321,RandomForest
0,0.0,0.0473417851846081,RandomForest
1,1.0,0.9248915449553096,RandomForest
1,0.0,0.284854235324421,RandomForest
0,1.0,0.601495599012951,RandomForest
0,0.0,0.0476322221246703,RandomForest
0,0.0,0.0725193550706544,RandomForest
0,0.0,0.0307674144300516,RandomForest
0,0.0,0.0198291670332648,RandomForest
0,0.0,0.0785765525082914,RandomForest
0,0.0,0.363716794096214,RandomForest
0,0.0,0.2884879771939678,RandomForest
0,0.0,0.0359851595023644,RandomForest
0,0.0,0.0289980727548887,RandomForest
0,0.0,0.2796664581486773,RandomForest
0,0.0,0.1723316250763666,RandomForest
0,0.0,0.0224661102201233,RandomForest
0,0.0,0.0220853530250941,RandomForest
1,1.0,0.6838934941194243,RandomForest
1,0.0,0.4314296810060512,RandomForest
0,0.0,0.067539093052627,RandomForest
0,0.0,0.1248964778076461,RandomForest
0,0.0,0.3634172823206597,RandomForest
0,0.0,0.0206499921331754,RandomForest
1,0.0,0.2884997393281746,RandomForest
0,0.0,0.060397862210191,RandomForest
0,0.0,0.1217128054122059,RandomForest
0,0.0,0.1148285254399841,RandomForest
0,0.0,0.0695698294948909,RandomForest
0,0.0,0.4535236416486457,RandomForest
0,0.0,0.0922457149156034,RandomForest
0,0.0,0.1335945752049422,RandomForest
0,0.0,0.0717796327340261,RandomForest
0,0.0,0.0537676947272329,RandomForest
1,0.0,0.0884505880119184,RandomForest
0,1.0,0.5983338874570959,RandomForest
0,0.0,0.14201485701685,RandomForest
0,0.0,0.1180863166182577,RandomForest
0,0.0,0.1790009491929281,RandomForest
0,0.0,0.0465839886075971,RandomForest
0,0.0,0.1206403195271159,RandomForest
0,0.0,0.1700640360587921,RandomForest
0,0.0,0.1082877256307479,RandomForest
0,0.0,0.036924868692873,RandomForest
1,1.0,0.855607459634666,RandomForest
0,0.0,0.4113844249704661,RandomForest
1,0.0,0.1474626001333538,RandomForest
1,1.0,0.5484745915435421,RandomForest
0,0.0,0.1587399788544451,RandomForest
0,0.0,0.1744142014281004,RandomForest
1,1.0,0.8236155297356483,RandomForest
1,0.0,0.1849306404485446,RandomForest
0,0.0,0.0593018597065589,RandomForest
0,0.0,0.1940805554767088,RandomForest
0,0.0,0.0232363770157041,RandomForest
0,0.0,0.2575031496450441,RandomForest
0,0.0,0.3476572978694272,RandomForest
1,1.0,0.8266479720093332,RandomForest
0,0.0,0.0312423866749671,RandomForest
0,0.0,0.1052340416056303,RandomForest
1,0.0,0.3285985085144078,RandomForest
0,0.0,0.0551434940458123,RandomForest
0,0.0,0.0396402377370601,RandomForest
0,0.0,0.0254282618245443,RandomForest
0,0.0,0.0984691772759638,RandomForest
1,0.0,0.4962003962892843,RandomForest
1,1.0,0.6541629729941452,RandomForest
0,0.0,0.070334875966499,RandomForest
0,0.0,0.1703628946181952,RandomForest
0,0.0,0.187567729594,RandomForest
0,0.0,0.0808589406348427,RandomForest
0,0.0,0.070441960506675,RandomForest
1,0.0,0.1538032394806346,RandomForest
0,0.0,0.1233407509240253,RandomForest
0,0.0,0.0321658481312345,RandomForest
0,0.0,0.0804839485161694,RandomForest
0,0.0,0.1983563276132785,RandomForest
1,1.0,0.7148341824934448,RandomForest
0,0.0,0.0562966880600872,RandomForest
0,0.0,0.1553779487752638,RandomForest
0,0.0,0.1212286161239091,RandomForest
1,1.0,0.7071089768438901,RandomForest
0,0.0,0.1852022971087787,RandomForest
0,0.0,0.1362646094206127,RandomForest
0,0.0,0.1544907230286136,RandomForest
0,0.0,0.2372080876987228,RandomForest
0,0.0,0.110812276047912,RandomForest
0,0.0,0.0306408340705697,RandomForest
0,0.0,0.3635627314310789,RandomForest
0,0.0,0.047086959796257,RandomForest
0,0.0,0.1256309748527504,RandomForest
0,0.0,0.3368528403084708,RandomForest
0,0.0,0.083021350797283,RandomForest
0,0.0,0.1592939256425729,RandomForest
1,1.0,0.5612150602981683,RandomForest
0,0.0,0.1876559123911786,RandomForest
0,0.0,0.1129000006414748,RandomForest
0,0.0,0.0534573145004548,RandomForest
0,0.0,0.025584180262476,RandomForest
1,0.0,0.4381926003680581,RandomForest
0,0.0,0.0518446906829046,RandomForest
0,0.0,0.1143573252315287,RandomForest
0,0.0,0.2455673772887321,RandomForest
1,0.0,0.183408147199625,RandomForest
0,0.0,0.0750343370151779,RandomForest
0,0.0,0.0510221446811908,RandomForest
1,1.0,0.5706995124311373,RandomForest
0,0.0,0.0832303847977113,RandomForest
0,0.0,0.431747648615062,RandomForest
0,0.0,0.2073837843740345,RandomForest
0,0.0,0.055922607797936,RandomForest
0,0.0,0.0587312887478055,RandomForest
0,0.0,0.1656036266414002,RandomForest
0,0.0,0.188606365681261,RandomForest
0,0.0,0.1191795307563264,RandomForest
0,0.0,0.1193328176242794,RandomForest
0,0.0,0.4534287243495417,RandomForest
0,0.0,0.0281581904994773,RandomForest
0,0.0,0.1689086729022454,RandomForest
0,0.0,0.1064264154361741,RandomForest
0,0.0,0.1325553040799084,RandomForest
1,0.0,0.0417505736612539,RandomForest
0,0.0,0.0205021092523639,RandomForest
1,0.0,0.2360387610123989,RandomForest
0,0.0,0.1633373721302962,RandomForest
0,0.0,0.1561254250484405,RandomForest
0,0.0,0.1096860516262548,RandomForest
0,0.0,0.0886699301449865,RandomForest
0,0.0,0.0948249327778467,RandomForest
0,0.0,0.4037455335331239,RandomForest
0,0.0,0.0724184575037853,RandomForest
1,0.0,0.3434634051830469,RandomForest
0,0.0,0.0557772532264255,RandomForest
0,0.0,0.1478212599228668,RandomForest
1,1.0,0.5907680099633928,RandomForest
0,0.0,0.0656968873408037,RandomForest
0,0.0,0.4163142462994852,RandomForest
0,0.0,0.0296322265159857,RandomForest
0,0.0,0.1696903102958251,RandomForest
0,0.0,0.2291424326088901,RandomForest
1,1.0,0.6719772251831277,RandomForest
0,0.0,0.0675203251821766,RandomForest
0,0.0,0.0553891704678541,RandomForest
0,0.0,0.0773558700908973,RandomForest
0,0.0,0.2837671804216632,RandomForest
0,0.0,0.0560931334846482,RandomForest
0,0.0,0.1673178604529173,RandomForest
0,0.0,0.054526464619199,RandomForest
0,0.0,0.0408992026463421,RandomForest
0,0.0,0.1328646159266028,RandomForest
0,0.0,0.1314297327436328,RandomForest
0,0.0,0.0935329717501724,RandomForest
0,0.0,0.0354193117668331,RandomForest
1,1.0,0.5100251334803143,RandomForest
0,0.0,0.1434274649554974,RandomForest
0,0.0,0.0939928716179766,RandomForest
0,0.0,0.0815211466741975,RandomForest
0,0.0,0.3408315129109621,RandomForest
0,1.0,0.7398163096160695,RandomForest
0,0.0,0.3573668465423162,RandomForest
0,0.0,0.0656945463206496,RandomForest
0,1.0,0.85469979970877,RandomForest
1,1.0,0.525917434243532,RandomForest
0,0.0,0.0368650334440747,RandomForest
0,0.0,0.1072857571622274,RandomForest
0,0.0,0.1428296255608672,RandomForest
0,0.0,0.1749122407692418,RandomForest
0,0.0,0.0707438431680834,RandomForest
0,0.0,0.0606817575149523,RandomForest
0,0.0,0.2035947863333412,RandomForest
0,0.0,0.0215495586659804,RandomForest
0,0.0,0.1912261586586975,RandomForest
0,0.0,0.034331353863385,RandomForest
0,0.0,0.1559295850958055,RandomForest
0,0.0,0.2097167321015084,RandomForest
0,0.0,0.0914309033511751,RandomForest
1,1.0,0.7245812663817152,RandomForest
0,0.0,0.1202492540852749,RandomForest
0,0.0,0.059119687401787,RandomForest
0,0.0,0.0341285667656724,RandomForest
0,0.0,0.0728798588306251,RandomForest
0,0.0,0.0530504422374549,RandomForest
0,0.0,0.0592327806613817,RandomForest
1,0.0,0.2361953712065645,RandomForest
0,0.0,0.0538742391997941,RandomForest
0,0.0,0.0491865047593212,RandomForest
0,0.0,0.3242572960355887,RandomForest
0,0.0,0.0369604080232922,RandomForest
1,1.0,0.8543560845156447,RandomForest
0,0.0,0.038353368296598,RandomForest
0,0.0,0.1629154070247523,RandomForest
1,0.0,0.3218507568840038,RandomForest
0,0.0,0.1143620228411887,RandomForest
1,1.0,0.680595005987289,RandomForest
0,0.0,0.0736766280343352,RandomForest
0,0.0,0.1979337873968822,RandomForest
0,0.0,0.0899797325863779,RandomForest
0,0.0,0.0292381220467256,RandomForest
1,1.0,0.8722386503895094,RandomForest
1,0.0,0.3218126084794825,RandomForest
0,0.0,0.0279921894405123,RandomForest
1,1.0,0.6276855838393751,RandomForest
0,0.0,0.1739524067250954,RandomForest
0,1.0,0.6084449542640997,RandomForest
1,0.0,0.1381119620414805,RandomForest
0,0.0,0.0212852837703521,RandomForest
0,0.0,0.0538287605648027,RandomForest
1,0.0,0.1173242803981127,RandomForest
0,0.0,0.1255545364792029,RandomForest
0,0.0,0.4839242099208338,RandomForest
1,1.0,0.6731898772733066,RandomForest
0,0.0,0.0354816853884511,RandomForest
0,0.0,0.0367472154375343,RandomForest
0,0.0,0.219004084137956,RandomForest
0,0.0,0.1025433111457279,RandomForest
0,0.0,0.0944732950364695,RandomForest
0,0.0,0.1947064093237011,RandomForest
0,0.0,0.1119424122223283,RandomForest
1,1.0,0.973597234985028,RandomForest
0,1.0,0.5048640357552496,RandomForest
0,0.0,0.0719612102462188,RandomForest
0,0.0,0.1531204673116076,RandomForest
0,0.0,0.0968229916816297,RandomForest
0,0.0,0.1326928611659869,RandomForest
0,0.0,0.0379086914059937,RandomForest
0,0.0,0.1874146358405791,RandomForest
0,0.0,0.0580024895567793,RandomForest
0,0.0,0.0260853902639882,RandomForest
0,0.0,0.4062774442755077,RandomForest
0,0.0,0.11085778764004,RandomForest
0,0.0,0.070939905686532,RandomForest
0,0.0,0.0542596994659907,RandomForest
0,0.0,0.0769401271552078,RandomForest
0,0.0,0.0718207225001399,RandomForest
0,0.0,0.0554948035018691,RandomForest
1,0.0,0.3770383771420331,RandomForest
0,0.0,0.080260657834274,RandomForest
0,0.0,0.0655944350186717,RandomForest
0,0.0,0.0535620185947412,RandomForest
0,0.0,0.0560701994021388,RandomForest
0,0.0,0.2887855677002389,RandomForest
0,0.0,0.1313342946697361,RandomForest
0,0.0,0.0889321017228931,RandomForest
0,0.0,0.0582907179850668,RandomForest
1,1.0,0.5034092736040712,RandomForest
0,0.0,0.1401042063261144,RandomForest
0,0.0,0.2266545802105156,RandomForest
1,1.0,0.8103435903954211,RandomForest
0,0.0,0.0335424122570543,RandomForest
0,0.0,0.0932025040860426,RandomForest
0,0.0,0.1253068836731904,RandomForest
0,0.0,0.2211552234599084,RandomForest
1,1.0,0.7017705103235105,RandomForest
0,0.0,0.1604378501467022,RandomForest
0,0.0,0.1341477549007102,RandomForest
0,0.0,0.0912612372150413,RandomForest
0,0.0,0.0699476663645572,RandomForest
0,0.0,0.1834327181947602,RandomForest
0,0.0,0.0405028761403884,RandomForest
0,0.0,0.0656501880202676,RandomForest
0,0.0,0.4688316051413739,RandomForest
0,0.0,0.0244965325937418,RandomForest
1,0.0,0.1094074752940413,RandomForest
0,0.0,0.4019271851676692,RandomForest
0,0.0,0.0454324410975655,RandomForest
0,0.0,0.0819970655636198,RandomForest
0,0.0,0.3517107015821819,RandomForest
1,1.0,0.807054134795628,RandomForest
0,0.0,0.0811696167532162,RandomForest
0,0.0,0.069481878938478,RandomForest
0,0.0,0.0386459655244864,RandomForest
0,0.0,0.1195013320958918,RandomForest
1,1.0,0.8058732362577048,RandomForest
0,0.0,0.1723279420671955,RandomForest
0,0.0,0.0652250920117587,RandomForest
0,0.0,0.1779544633591122,RandomForest
1,1.0,0.7907353164157551,RandomForest
0,0.0,0.0349349085319479,RandomForest
0,0.0,0.166856959791414,RandomForest
0,0.0,0.0875239811052592,RandomForest
0,0.0,0.0621687597598197,RandomForest
1,1.0,0.7803151737733418,RandomForest
0,0.0,0.1445724840349081,RandomForest
1,1.0,0.7131369777170218,RandomForest
0,1.0,0.5161763367815329,RandomForest
0,0.0,0.120839107487628,RandomForest
0,0.0,0.0884599472410034,RandomForest
1,1.0,0.7878645097350234,RandomForest
1,1.0,0.8537448272011562,RandomForest
0,0.0,0.0957285568216622,RandomForest
0,0.0,0.2117118208797808,RandomForest
0,0.0,0.229935615975306,RandomForest
1,1.0,0.6221222200231871,RandomForest
1,0.0,0.1468739119538844,RandomForest
0,0.0,0.0703294911760164,RandomForest
0,0.0,0.2571368059956074,RandomForest
1,0.0,0.1648848159860858,RandomForest
0,0.0,0.0583738613398172,RandomForest
0,0.0,0.0660356656037513,RandomForest
0,0.0,0.038519264095258,RandomForest
0,0.0,0.0426810894696991,RandomForest
0,0.0,0.1029539612384028,RandomForest
0,0.0,0.0877915125445934,RandomForest
0,0.0,0.1042935298971842,RandomForest
0,0.0,0.1196018399262334,RandomForest
0,0.0,0.0965923231459421,RandomForest
1,0.0,0.4272862830234278,RandomForest
0,0.0,0.1012289828613726,RandomForest
0,0.0,0.0999477959442857,RandomForest
1,0.0,0.1250520159027032,RandomForest
0,0.0,0.0473409046908447,RandomForest
0,0.0,0.1615498206407681,RandomForest
0,0.0,0.3252524059322981,RandomForest
0,0.0,0.0744175085080652,RandomForest
0,0.0,0.0782397662173803,RandomForest
0,0.0,0.1006545294983892,RandomForest
0,0.0,0.146262188740288,RandomForest
0,0.0,0.1292591204064971,RandomForest
0,0.0,0.1325043518720598,RandomForest
0,0.0,0.2603832989234897,RandomForest
1,0.0,0.2002080215484665,RandomForest
0,0.0,0.1469428635700899,RandomForest
0,0.0,0.3196511704377855,RandomForest
0,0.0,0.1680412993949839,RandomForest
0,0.0,0.0625719106984882,RandomForest
0,0.0,0.0692964590826013,RandomForest
0,0.0,0.2260742420761292,RandomForest
0,0.0,0.1626165053001455,RandomForest
0,0.0,0.10772066876105,RandomForest
0,0.0,0.1982894498044664,RandomForest
0,1.0,0.7574360745890958,RandomForest
0,0.0,0.2225884552237881,RandomForest
0,0.0,0.0432307808386224,RandomForest
1,0.0,0.1811696749159916,RandomForest
0,0.0,0.0258303963272238,RandomForest
0,1.0,0.5196979505755459,RandomForest
0,0.0,0.1310687084376127,RandomForest
0,0.0,0.1205604615939231,RandomForest
0,0.0,0.2086475753485915,RandomForest
0,0.0,0.1076997169351244,RandomForest
0,0.0,0.4300684648516156,RandomForest
0,0.0,0.0310663829203498,RandomForest
0,0.0,0.0489004970690526,RandomForest
0,0.0,0.2273323364435707,RandomForest
0,0.0,0.1739423649537123,RandomForest
0,0.0,0.0224917460236778,RandomForest
0,0.0,0.0372659876902938,RandomForest
0,0.0,0.2204936337273663,RandomForest
0,0.0,0.242766602851735,RandomForest
0,0.0,0.0539430794775851,RandomForest
0,0.0,0.1205975336663001,RandomForest
0,0.0,0.2135226560825688,RandomForest
1,1.0,0.6964742073581809,RandomForest
0,0.0,0.1506966907865663,RandomForest
1,1.0,0.6497423195983116,RandomForest
1,0.0,0.3468346238525378,RandomForest
0,0.0,0.021830074265135,RandomForest
0,0.0,0.3360933591308791,RandomForest
0,0.0,0.2798318643651816,RandomForest
1,0.0,0.2861811198056026,RandomForest
1,0.0,0.3153604892382266,RandomForest
0,0.0,0.2620276207219758,RandomForest
1,1.0,0.8322351061204176,RandomForest
0,0.0,0.0684008199991904,RandomForest
0,0.0,0.0962643449736661,RandomForest
0,0.0,0.0486011920472111,RandomForest
0,0.0,0.0503087668162817,RandomForest
0,0.0,0.4467297129221287,RandomForest
0,0.0,0.2006726013773453,RandomForest
0,0.0,0.137611914780584,RandomForest
1,1.0,0.7402009481022539,RandomForest
0,0.0,0.1139710197946679,RandomForest
0,0.0,0.0996104876317264,RandomForest
0,0.0,0.0803237497386369,RandomForest
0,0.0,0.0924629350802141,RandomForest
0,0.0,0.2896466111635301,RandomForest
1,1.0,0.6546194256861049,RandomForest
1,1.0,0.8296128713606654,RandomForest
0,0.0,0.0490918002456729,RandomForest
0,0.0,0.086440030395035,RandomForest
0,0.0,0.0330649243911724,RandomForest
0,0.0,0.1050405027081755,RandomForest
0,0.0,0.0607809139555401,RandomForest
1,1.0,0.7550426964019994,RandomForest
0,0.0,0.1026783415836579,RandomForest
0,0.0,0.0628682247696781,RandomForest
0,0.0,0.48838887745168,RandomForest
0,0.0,0.1665123592776747,RandomForest
0,0.0,0.1601320129180096,RandomForest
0,0.0,0.2281995146215703,RandomForest
0,0.0,0.4539217588038779,RandomForest
0,0.0,0.11162377328483,RandomForest
0,0.0,0.0353452766035001,RandomForest
0,0.0,0.1785023069199149,RandomForest
0,0.0,0.1095756946817713,RandomForest
0,0.0,0.0505813276530267,RandomForest
1,0.0,0.1058348167445567,RandomForest
1,1.0,0.8181713526618835,RandomForest
0,0.0,0.2173223394452602,RandomForest
0,0.0,0.0979648188755181,RandomForest
1,1.0,0.5454977089943152,RandomForest
1,0.0,0.0382227735752138,RandomForest
1,0.0,0.4408472353608172,RandomForest
0,0.0,0.0931493652002962,RandomForest
0,0.0,0.0978945513137079,RandomForest
0,0.0,0.2014189584733515,RandomForest
0,0.0,0.0343555956679485,RandomForest
0,0.0,0.0342524525054351,RandomForest
0,0.0,0.0700069545987431,RandomForest
0,0.0,0.0900113794945994,RandomForest
0,0.0,0.158887896690249,RandomForest
0,0.0,0.0816374900338236,RandomForest
0,0.0,0.0380980200490665,RandomForest
0,0.0,0.0743320938039427,RandomForest
0,0.0,0.0997738071124751,RandomForest
0,0.0,0.196247567083963,RandomForest
0,0.0,0.0453622234039362,RandomForest
0,0.0,0.0612675185734503,RandomForest
1,0.0,0.3810087976014831,RandomForest
0,0.0,0.0352392434466185,RandomForest
0,0.0,0.1074296315658208,RandomForest
0,0.0,0.1338902242974385,RandomForest
1,0.0,0.1642413640333357,RandomForest
0,0.0,0.0770576557270342,RandomForest
0,0.0,0.1169268624753153,RandomForest
0,0.0,0.1000819573033932,RandomForest
1,1.0,0.6301453108222332,RandomForest
0,0.0,0.0714711901954744,RandomForest
1,0.0,0.3544795091385263,RandomForest
1,1.0,0.7122047320826185,RandomForest
0,0.0,0.0563523272537639,RandomForest
0,0.0,0.1134355532563371,RandomForest
0,0.0,0.1267308098921232,RandomForest
0,0.0,0.1227136494998334,RandomForest
0,0.0,0.1971676167292781,RandomForest
0,0.0,0.0811991654781414,RandomForest
0,0.0,0.1394079201665147,RandomForest
0,0.0,0.0585829849287379,RandomForest
0,0.0,0.1028830957831881,RandomForest
0,0.0,0.0677231623326918,RandomForest
1,1.0,0.6278857829579286,RandomForest
0,0.0,0.203592665704436,RandomForest
1,1.0,0.541574074415553,RandomForest
0,0.0,0.1162861805801203,RandomForest
0,0.0,0.0541483090919199,RandomForest
0,0.0,0.0633214905366341,RandomForest
0,0.0,0.1225816560081674,RandomForest
0,0.0,0.0651972539816333,RandomForest
0,0.0,0.0996631140546889,RandomForest
0,0.0,0.1633531671615835,RandomForest
1,1.0,0.5261770451993297,RandomForest
0,0.0,0.3953001860392789,RandomForest
0,0.0,0.0348482833163547,RandomForest
0,0.0,0.0836299372264522,RandomForest
0,0.0,0.0629473998535597,RandomForest
0,0.0,0.1459043331296115,RandomForest
0,0.0,0.047156977704113,RandomForest
0,0.0,0.119752739432416,RandomForest
1,0.0,0.3874361892882824,RandomForest
0,0.0,0.123714464740987,RandomForest
0,0.0,0.1326790017908256,RandomForest
0,0.0,0.0424674176689255,RandomForest
0,0.0,0.3164883749449256,RandomForest
1,0.0,0.2124943096762877,RandomForest
1,0.0,0.456169970613173,RandomForest
0,0.0,0.03327618921504,RandomForest
1,0.0,0.1235203539861629,RandomForest
1,0.0,0.1950752260113542,RandomForest
0,1.0,0.5012103846663495,RandomForest
1,0.0,0.1251207876955744,RandomForest
0,0.0,0.0491451255692972,RandomForest
0,0.0,0.1119650466937358,RandomForest
0,0.0,0.0464059265575251,RandomForest
0,0.0,0.055079810833871,RandomForest
0,0.0,0.0252326985859186,RandomForest
0,0.0,0.1002040686870492,RandomForest
0,0.0,0.325423629256691,RandomForest
0,0.0,0.1663802656175739,RandomForest
0,0.0,0.0947997137193839,RandomForest
0,0.0,0.3781545382619445,RandomForest
0,0.0,0.0916756088674387,RandomForest
0,0.0,0.0781681230406745,RandomForest
0,0.0,0.1971960816411806,RandomForest
0,0.0,0.0226201790024009,RandomForest
0,0.0,0.020331773027033,RandomForest
1,0.0,0.4207224760351097,RandomForest
0,0.0,0.0860565238205985,RandomForest
0,0.0,0.0647836319902731,RandomForest
0,0.0,0.1613006128672736,RandomForest
0,0.0,0.1456817896291807,RandomForest
0,0.0,0.0476559573504126,RandomForest
0,0.0,0.1466141992111947,RandomForest
1,1.0,0.7349484893893397,RandomForest
1,0.0,0.4675078531125004,RandomForest
1,1.0,0.9198091320444262,RandomForest
0,0.0,0.12190620369226,RandomForest
0,0.0,0.2210591577577832,RandomForest
0,0.0,0.0516295132373832,RandomForest
0,0.0,0.2225627264958936,RandomForest
0,0.0,0.2097467184226682,RandomForest
0,0.0,0.1565552492576096,RandomForest
1,0.0,0.0896571664876436,RandomForest
0,0.0,0.0209100822642664,RandomForest
0,0.0,0.3390878673428424,RandomForest
0,0.0,0.1564592377171722,RandomForest
1,0.0,0.1828597675161062,RandomForest
0,0.0,0.0219638737281544,RandomForest
0,0.0,0.0457819201490415,RandomForest
0,0.0,0.1384872519137677,RandomForest
1,1.0,0.5564267259099911,RandomForest
0,0.0,0.086111675385165,RandomForest
0,0.0,0.1874126552958105,RandomForest
0,0.0,0.227370837946452,RandomForest
0,0.0,0.0687775673935722,RandomForest
0,0.0,0.0350305000317243,RandomForest
0,0.0,0.0865572593276125,RandomForest
0,0.0,0.176176591286548,RandomForest
0,0.0,0.1093154592877926,RandomForest
0,0.0,0.1113293157305923,RandomForest
0,0.0,0.1087012935036155,RandomForest
0,0.0,0.1092648904076351,RandomForest
0,0.0,0.1456517394214483,RandomForest
0,0.0,0.0990382988869649,RandomForest
1,0.0,0.3477699016164348,RandomForest
1,0.0,0.2604873792133612,RandomForest
0,0.0,0.0196490511601999,RandomForest
0,0.0,0.0737310875181357,RandomForest
1,1.0,0.8073191423728129,RandomForest
0,0.0,0.0859237055216583,RandomForest
1,0.0,0.0609657440149866,RandomForest
1,1.0,0.7821785044704156,RandomForest
1,0.0,0.0787817294558245,RandomForest
0,0.0,0.0499509541987516,RandomForest
0,0.0,0.2254568421165584,RandomForest
0,0.0,0.0847144702275507,RandomForest
0,1.0,0.6884452704241549,RandomForest
0,0.0,0.0562110855750026,RandomForest
0,0.0,0.0184198212953534,RandomForest
0,0.0,0.1582935585148339,RandomForest
0,0.0,0.0727609903054678,RandomForest
1,0.0,0.3814376252941048,RandomForest
1,0.0,0.3339315941095506,RandomForest
1,0.0,0.3236967353471913,RandomForest
0,0.0,0.3299887922511981,RandomForest
0,0.0,0.0326442577243065,RandomForest
0,0.0,0.1635439597911521,RandomForest
0,1.0,0.5897541837545812,RandomForest
0,0.0,0.11351569080638,RandomForest
0,0.0,0.0366527274529798,RandomForest
0,0.0,0.1304306511044426,RandomForest
0,0.0,0.0648915394455221,RandomForest
0,0.0,0.0304624054871712,RandomForest
0,0.0,0.3952912325994724,RandomForest
0,0.0,0.0854115839779044,RandomForest
0,0.0,0.067112926707332,RandomForest
0,0.0,0.062358638854251,RandomForest
0,0.0,0.2139078956158309,RandomForest
0,0.0,0.0673730629798479,RandomForest
0,0.0,0.0230493198402438,RandomForest
0,0.0,0.3978394285384894,RandomForest
0,0.0,0.0956437432277175,RandomForest
0,0.0,0.0804747317056259,RandomForest
0,0.0,0.1290521657407115,RandomForest
0,0.0,0.3006948869229368,RandomForest
0,0.0,0.0538150824878184,RandomForest
0,0.0,0.4340500850152554,RandomForest
0,0.0,0.0519647246712307,RandomForest
0,0.0,0.1595549521761044,RandomForest
0,0.0,0.1853883898904835,RandomForest
0,0.0,0.0312261640231227,RandomForest
0,0.0,0.075132073341757,RandomForest
0,0.0,0.1092405383827278,RandomForest
0,0.0,0.0813198130991358,RandomForest
0,0.0,0.0761483680837637,RandomForest
0,0.0,0.1450626836813223,RandomForest
0,0.0,0.1920941564236299,RandomForest
0,0.0,0.2601851259417119,RandomForest
0,0.0,0.0505568594934114,RandomForest
0,0.0,0.0315022243713946,RandomForest
0,0.0,0.1249219993504186,RandomForest
0,0.0,0.1057056751678565,RandomForest
1,1.0,0.9052540729063792,RandomForest
0,0.0,0.0482049517371815,RandomForest
0,0.0,0.095788217265904,RandomForest
0,0.0,0.0581074530038406,RandomForest
0,0.0,0.1534534365643728,RandomForest
0,0.0,0.0732046948517076,RandomForest
1,1.0,0.7825894215936148,RandomForest
0,0.0,0.0886160127401454,RandomForest
1,0.0,0.1497529751228955,RandomForest
0,0.0,0.1434120967028706,RandomForest
0,0.0,0.1855548197126212,RandomForest
0,0.0,0.1113249849172938,RandomForest
0,0.0,0.071478023858308,RandomForest
0,0.0,0.0803292747759357,RandomForest
0,0.0,0.1068706386538409,RandomForest
0,0.0,0.1763354589236544,RandomForest
0,0.0,0.0762387725153818,RandomForest
0,0.0,0.0730653351296113,RandomForest
1,1.0,0.9392700924201256,RandomForest
0,0.0,0.0304441513187694,RandomForest
0,0.0,0.0803474114632795,RandomForest
0,0.0,0.3243589704139759,RandomForest
0,0.0,0.0887843280515978,RandomForest
0,0.0,0.1189959732260623,RandomForest
0,0.0,0.1186726264766061,RandomForest
0,0.0,0.1532816525284303,RandomForest
0,0.0,0.0526500632398994,RandomForest
0,0.0,0.0360963436167028,RandomForest
0,0.0,0.1238628815133098,RandomForest
1,1.0,0.6172755823098847,RandomForest
1,0.0,0.2254058049515888,RandomForest
0,0.0,0.181607878519326,RandomForest
0,0.0,0.1072812993722184,RandomForest
0,0.0,0.1337673325200798,RandomForest
0,0.0,0.0530630912804076,RandomForest
0,0.0,0.055953622110935,RandomForest
0,0.0,0.02138790526498,RandomForest
0,0.0,0.0857444838238021,RandomForest
0,0.0,0.033902513303353,RandomForest
0,0.0,0.1701145231125327,RandomForest
0,0.0,0.083922627249909,RandomForest
0,0.0,0.162240885556654,RandomForest
0,0.0,0.4534092285343095,RandomForest
0,0.0,0.0591763009289991,RandomForest
0,0.0,0.1348309954525524,RandomForest
0,0.0,0.2012266484872389,RandomForest
1,0.0,0.2848184498456599,RandomForest
1,1.0,0.5207217516107777,RandomForest
0,0.0,0.0853947400435054,RandomForest
0,0.0,0.3003530019826341,RandomForest
0,0.0,0.2422460460380838,RandomForest
0,0.0,0.098339727439282,RandomForest
0,0.0,0.0208030857803226,RandomForest
1,1.0,0.9070394151456986,RandomForest
0,0.0,0.0445731391241036,RandomForest
0,0.0,0.124218216788343,RandomForest
0,0.0,0.0861652928988984,RandomForest
0,0.0,0.1641873795905137,RandomForest
0,0.0,0.3000232084278573,RandomForest
0,0.0,0.1268707026797871,RandomForest
1,0.0,0.1997184240336721,RandomForest
0,0.0,0.0772068049477988,RandomForest
0,0.0,0.1021652452701085,RandomForest
0,0.0,0.0373378316194446,RandomForest
0,0.0,0.1240034045247291,RandomForest
1,0.0,0.1925717667629721,RandomForest
1,0.0,0.1382543198891625,RandomForest
0,0.0,0.1356356984781818,RandomForest
0,0.0,0.1348280255221561,RandomForest
0,0.0,0.3138569954011243,RandomForest
0,0.0,0.0354199011562233,RandomForest
0,0.0,0.0516666421767337,RandomForest
0,0.0,0.0414709134154003,RandomForest
1,1.0,0.6980124433918174,RandomForest
0,0.0,0.0312898384014674,RandomForest
1,0.0,0.1568284589747365,RandomForest
0,0.0,0.1187837984630891,RandomForest
0,0.0,0.2107529809557011,RandomForest
0,0.0,0.1008192196025839,RandomForest
0,0.0,0.1088538141990027,RandomForest
0,0.0,0.1473371938824728,RandomForest
1,0.0,0.0896590832127994,RandomForest
0,0.0,0.1335504621871712,RandomForest
0,0.0,0.0754789500141817,RandomForest
0,0.0,0.0717111418493972,RandomForest
0,0.0,0.0758223043530513,RandomForest
0,0.0,0.0207212929166864,RandomForest
0,0.0,0.1485733785547943,RandomForest
0,0.0,0.0342913244886759,RandomForest
0,0.0,0.1279393202512913,RandomForest
1,0.0,0.3960191593097938,RandomForest
0,0.0,0.0378421010702126,RandomForest
1,0.0,0.0972665619364956,RandomForest
0,0.0,0.0320529409890408,RandomForest
0,0.0,0.4277538520142503,RandomForest
0,0.0,0.0200995263827056,RandomForest
0,0.0,0.1262147422900583,RandomForest
1,0.0,0.1887748180297522,RandomForest
0,0.0,0.1310830779055435,RandomForest
0,0.0,0.2116922305962236,RandomForest
0,0.0,0.0513437139439971,RandomForest
0,0.0,0.1344208207218492,RandomForest
1,0.0,0.2846767859348438,RandomForest
0,0.0,0.1127204223034662,RandomForest
0,0.0,0.1267034657577433,RandomForest
0,0.0,0.0523260276784643,RandomForest
0,0.0,0.0392212199984621,RandomForest
0,0.0,0.1880426018172069,RandomForest
0,0.0,0.0750176065701981,RandomForest
0,0.0,0.0341695568031421,RandomForest
0,0.0,0.1339016053631059,RandomForest
0,0.0,0.3285764500676333,RandomForest
0,0.0,0.1177083408812307,RandomForest
1,1.0,0.7222837625097019,RandomForest
0,0.0,0.1343960366181215,RandomForest
0,0.0,0.0826859289698794,RandomForest
0,0.0,0.0501613535946368,RandomForest
0,0.0,0.1422801586090455,RandomForest
1,1.0,0.814222556614448,RandomForest
0,0.0,0.0715752247309571,RandomForest
0,0.0,0.0409439241561244,RandomForest
0,0.0,0.0594470317699773,RandomForest
1,0.0,0.1761930297657185,RandomForest
0,0.0,0.05756418602248,RandomForest
0,0.0,0.0563180004466265,RandomForest
0,0.0,0.2111442577116398,RandomForest
